player,prop,prop_display,direction,line,prediction,edge,strength,timestamp
Aaron Holiday,pra,Pts+Reb+Ast,OVER,3.1,6.2,3.1,STRONG,2026-01-19T17:44:39.348052
Aaron Nesmith,pts,Points,OVER,12.0,14.7,2.6999999999999993,MODERATE,2026-01-19T17:44:39.348107
Aaron Nesmith,pr,Pts+Reb,OVER,17.7,20.0,2.3000000000000007,MODERATE,2026-01-19T17:44:39.348129
Aaron Nesmith,pa,Pts+Ast,OVER,14.7,17.4,2.6999999999999993,MODERATE,2026-01-19T17:44:39.348135
Ajay Mitchell,pra,Pts+Reb+Ast,UNDER,22.2,19.3,2.8999999999999986,MODERATE,2026-01-19T17:44:39.348427
Ajay Mitchell,pr,Pts+Reb,UNDER,18.7,15.7,3.0,STRONG,2026-01-19T17:44:39.348434
Ajay Mitchell,pa,Pts+Ast,UNDER,18.5,15.9,2.5999999999999996,MODERATE,2026-01-19T17:44:39.348440
Alex Sarr,pra,Pts+Reb+Ast,UNDER,24.2,20.6,3.599999999999998,STRONG,2026-01-19T17:44:39.348610
Alex Sarr,pa,Pts+Ast,UNDER,18.0,15.9,2.0999999999999996,MODERATE,2026-01-19T17:44:39.348621
Alperen Sengun,pts,Points,OVER,17.0,22.7,5.699999999999999,STRONG,2026-01-19T17:44:39.348660
Alperen Sengun,pra,Pts+Reb+Ast,OVER,30.2,36.0,5.800000000000001,STRONG,2026-01-19T17:44:39.348676
Alperen Sengun,pr,Pts+Reb,OVER,25.5,30.3,4.800000000000001,STRONG,2026-01-19T17:44:39.348682
Alperen Sengun,pa,Pts+Ast,OVER,21.7,24.6,2.900000000000002,MODERATE,2026-01-19T17:44:39.348688
Amen Thompson,pts,Points,UNDER,20.9,18.0,2.8999999999999986,MODERATE,2026-01-19T17:44:39.348727
Andre Drummond,pra,Pts+Reb+Ast,UNDER,14.6,11.1,3.5,STRONG,2026-01-19T17:44:39.348862
Andre Drummond,pr,Pts+Reb,UNDER,13.8,10.5,3.3000000000000007,STRONG,2026-01-19T17:44:39.348868
Andrew Nembhard,ast,Assists,UNDER,8.5,6.5,2.0,MODERATE,2026-01-19T17:44:39.348981
Andrew Nembhard,pra,Pts+Reb+Ast,UNDER,29.2,27.2,2.0,MODERATE,2026-01-19T17:44:39.348988
Anfernee Simons,pts,Points,UNDER,17.9,14.9,2.9999999999999982,MODERATE,2026-01-19T17:44:39.349092
Anfernee Simons,pra,Pts+Reb+Ast,UNDER,24.4,18.5,5.899999999999999,STRONG,2026-01-19T17:44:39.349108
Anfernee Simons,pr,Pts+Reb,UNDER,21.0,16.6,4.399999999999999,STRONG,2026-01-19T17:44:39.349114
Anfernee Simons,pa,Pts+Ast,UNDER,21.3,14.7,6.600000000000001,STRONG,2026-01-19T17:44:39.349120
Anthony Black,trb,Rebounds,OVER,4.1,6.3,2.2,MODERATE,2026-01-19T17:44:39.349162
Anthony Black,pra,Pts+Reb+Ast,OVER,30.3,33.4,3.099999999999998,STRONG,2026-01-19T17:44:39.349173
Anthony Davis,pra,Pts+Reb+Ast,OVER,35.7,42.2,6.5,STRONG,2026-01-19T17:44:39.349233
Anthony Davis,pr,Pts+Reb,OVER,33.5,37.0,3.5,STRONG,2026-01-19T17:44:39.349240
Anthony Davis,pa,Pts+Ast,OVER,24.1,29.4,5.299999999999997,STRONG,2026-01-19T17:44:39.349246
Anthony Edwards,pts,Points,UNDER,29.2,24.9,4.300000000000001,STRONG,2026-01-19T17:44:39.349283
Anthony Edwards,pa,Pts+Ast,UNDER,32.9,29.3,3.599999999999998,STRONG,2026-01-19T17:44:39.349308
Ausar Thompson,pra,Pts+Reb+Ast,OVER,16.8,20.7,3.8999999999999986,STRONG,2026-01-19T17:44:39.349550
Austin Reaves,pts,Points,UNDER,26.3,22.8,3.5,STRONG,2026-01-19T17:44:39.349599
Austin Reaves,pra,Pts+Reb+Ast,UNDER,37.3,33.0,4.299999999999997,STRONG,2026-01-19T17:44:39.349614
Austin Reaves,pr,Pts+Reb,UNDER,32.1,27.9,4.200000000000003,STRONG,2026-01-19T17:44:39.349620
Austin Reaves,pa,Pts+Ast,UNDER,31.5,27.1,4.399999999999999,STRONG,2026-01-19T17:44:39.349626
Ayo Dosunmu,pts,Points,UNDER,15.4,12.0,3.4000000000000004,STRONG,2026-01-19T17:44:39.349666
Ayo Dosunmu,pra,Pts+Reb+Ast,UNDER,23.6,18.9,4.700000000000003,STRONG,2026-01-19T17:44:39.349682
Ayo Dosunmu,pr,Pts+Reb,UNDER,18.6,14.5,4.100000000000001,STRONG,2026-01-19T17:44:39.349688
Ayo Dosunmu,pa,Pts+Ast,UNDER,20.4,16.1,4.299999999999997,STRONG,2026-01-19T17:44:39.349694
Bam Adebayo,pts,Points,OVER,13.8,16.0,2.1999999999999993,MODERATE,2026-01-19T17:44:39.349733
Bam Adebayo,pr,Pts+Reb,OVER,23.6,27.0,3.3999999999999986,STRONG,2026-01-19T17:44:39.349753
Baylor Scheierman,pra,Pts+Reb+Ast,OVER,4.1,8.0,3.9000000000000004,STRONG,2026-01-19T17:44:39.349810
Baylor Scheierman,pa,Pts+Ast,OVER,2.5,5.1,2.5999999999999996,MODERATE,2026-01-19T17:44:39.349822
Ben Saraf,pra,Pts+Reb+Ast,OVER,8.7,11.9,3.200000000000001,STRONG,2026-01-19T17:44:39.349873
Ben Saraf,pr,Pts+Reb,OVER,6.1,8.8,2.700000000000001,MODERATE,2026-01-19T17:44:39.349879
Ben Saraf,pa,Pts+Ast,OVER,7.6,9.8,2.200000000000001,MODERATE,2026-01-19T17:44:39.349885
Bennedict Mathurin,pts,Points,OVER,14.6,17.0,2.4000000000000004,MODERATE,2026-01-19T17:44:39.349982
Bogdan Bogdanović,pra,Pts+Reb+Ast,UNDER,14.9,12.7,2.200000000000001,MODERATE,2026-01-19T17:44:39.350230
Bogdan Bogdanović,pa,Pts+Ast,UNDER,11.9,9.9,2.0,MODERATE,2026-01-19T17:44:39.350241
Brandin Podziemski,pra,Pts+Reb+Ast,UNDER,16.9,14.3,2.599999999999998,MODERATE,2026-01-19T17:44:39.350411
Brandon Ingram,pra,Pts+Reb+Ast,OVER,32.2,36.8,4.599999999999994,STRONG,2026-01-19T17:44:39.350471
Brandon Ingram,pr,Pts+Reb,OVER,29.0,32.9,3.8999999999999986,STRONG,2026-01-19T17:44:39.350477
Brandon Ingram,pa,Pts+Ast,OVER,25.4,27.5,2.1000000000000014,MODERATE,2026-01-19T17:44:39.350483
Brandon Miller,pts,Points,UNDER,22.4,18.6,3.799999999999997,STRONG,2026-01-19T17:44:39.350520
Brandon Miller,pra,Pts+Reb+Ast,UNDER,31.3,26.3,5.0,STRONG,2026-01-19T17:44:39.350536
Brandon Miller,pr,Pts+Reb,UNDER,27.5,24.5,3.0,STRONG,2026-01-19T17:44:39.350542
Brandon Miller,pa,Pts+Ast,UNDER,26.2,22.1,4.099999999999998,STRONG,2026-01-19T17:44:39.350548
Brandon Williams,pts,Points,UNDER,16.6,10.9,5.700000000000001,STRONG,2026-01-19T17:44:39.350585
Brandon Williams,pra,Pts+Reb+Ast,UNDER,23.3,17.2,6.100000000000001,STRONG,2026-01-19T17:44:39.350601
Brandon Williams,pr,Pts+Reb,UNDER,20.4,15.3,5.099999999999998,STRONG,2026-01-19T17:44:39.350607
Brandon Williams,pa,Pts+Ast,UNDER,19.5,13.1,6.4,STRONG,2026-01-19T17:44:39.350613
Brice Sensabaugh,pra,Pts+Reb+Ast,UNDER,23.3,18.5,4.800000000000001,STRONG,2026-01-19T17:44:39.350664
Brice Sensabaugh,pr,Pts+Reb,UNDER,21.3,17.9,3.400000000000002,STRONG,2026-01-19T17:44:39.350670
Brice Sensabaugh,pa,Pts+Ast,UNDER,19.5,14.8,4.699999999999999,STRONG,2026-01-19T17:44:39.350676
Brook Lopez,pra,Pts+Reb+Ast,OVER,9.0,11.1,2.0999999999999996,MODERATE,2026-01-19T17:44:39.350785
Brook Lopez,pr,Pts+Reb,OVER,7.8,9.9,2.1000000000000005,MODERATE,2026-01-19T17:44:39.350792
Brook Lopez,pa,Pts+Ast,OVER,6.1,8.4,2.3000000000000007,MODERATE,2026-01-19T17:44:39.350798
Bryce McGowens,pra,Pts+Reb+Ast,OVER,9.8,11.8,2.0,MODERATE,2026-01-19T17:44:39.350968
Bryce McGowens,pa,Pts+Ast,OVER,7.9,10.8,2.9000000000000004,MODERATE,2026-01-19T17:44:39.350979
Buddy Hield,pra,Pts+Reb+Ast,UNDER,7.7,5.7,2.0,MODERATE,2026-01-19T17:44:39.351090
CJ McCollum,pr,Pts+Reb,OVER,22.0,24.2,2.1999999999999993,MODERATE,2026-01-19T17:44:39.351155
Cade Cunningham,pts,Points,OVER,23.9,29.8,5.900000000000002,STRONG,2026-01-19T17:44:39.351197
Cade Cunningham,ast,Assists,UNDER,11.2,8.3,2.8999999999999986,MODERATE,2026-01-19T17:44:39.351208
Cade Cunningham,pra,Pts+Reb+Ast,OVER,41.0,46.2,5.200000000000003,STRONG,2026-01-19T17:44:39.351214
Cade Cunningham,pr,Pts+Reb,OVER,29.8,38.9,9.099999999999998,STRONG,2026-01-19T17:44:39.351220
Cade Cunningham,pa,Pts+Ast,OVER,35.1,37.7,2.6000000000000014,MODERATE,2026-01-19T17:44:39.351226
Caleb Love,pts,Points,UNDER,16.2,12.8,3.3999999999999986,STRONG,2026-01-19T17:44:39.351324
Caleb Love,pra,Pts+Reb+Ast,UNDER,23.8,21.3,2.5,MODERATE,2026-01-19T17:44:39.351339
Caleb Love,pr,Pts+Reb,UNDER,19.9,16.3,3.599999999999998,STRONG,2026-01-19T17:44:39.351347
Caleb Love,pa,Pts+Ast,UNDER,20.1,16.3,3.8000000000000007,STRONG,2026-01-19T17:44:39.351353
Caleb Martin,pr,Pts+Reb,OVER,7.6,9.9,2.3000000000000007,MODERATE,2026-01-19T17:44:39.351420
Cam Christie,pts,Points,OVER,2.0,5.5,3.5,STRONG,2026-01-19T17:44:39.351465
Cam Christie,pra,Pts+Reb+Ast,OVER,3.3,10.9,7.6000000000000005,STRONG,2026-01-19T17:44:39.351481
Cam Christie,pr,Pts+Reb,OVER,2.9,9.3,6.4,STRONG,2026-01-19T17:44:39.351487
Cam Christie,pa,Pts+Ast,OVER,2.4,6.4,4.0,STRONG,2026-01-19T17:44:39.351493
Cam Thomas,pts,Points,OVER,13.7,18.5,4.800000000000001,STRONG,2026-01-19T17:44:39.351593
Cam Thomas,pra,Pts+Reb+Ast,OVER,18.1,23.2,5.099999999999998,STRONG,2026-01-19T17:44:39.351609
Cam Thomas,pr,Pts+Reb,OVER,15.5,19.5,4.0,STRONG,2026-01-19T17:44:39.351615
Cam Thomas,pa,Pts+Ast,OVER,16.3,21.0,4.699999999999999,STRONG,2026-01-19T17:44:39.351621
Cam Whitmore,pts,Points,UNDER,11.0,7.8,3.2,STRONG,2026-01-19T17:44:39.351661
Cam Whitmore,pra,Pts+Reb+Ast,UNDER,15.3,12.0,3.3000000000000007,STRONG,2026-01-19T17:44:39.351677
Cam Whitmore,pr,Pts+Reb,UNDER,14.5,10.1,4.4,STRONG,2026-01-19T17:44:39.351683
Cam Whitmore,pa,Pts+Ast,UNDER,11.8,9.5,2.3000000000000007,MODERATE,2026-01-19T17:44:39.351689
Carter Bryant,pts,Points,OVER,1.1,4.0,2.9,MODERATE,2026-01-19T17:44:39.351850
Carter Bryant,pra,Pts+Reb+Ast,OVER,3.0,6.7,3.7,STRONG,2026-01-19T17:44:39.351866
Carter Bryant,pa,Pts+Ast,OVER,1.3,4.2,2.9000000000000004,MODERATE,2026-01-19T17:44:39.351877
Cedric Coward,pts,Points,UNDER,15.6,12.1,3.5,STRONG,2026-01-19T17:44:39.351976
Cedric Coward,pra,Pts+Reb+Ast,UNDER,26.3,21.6,4.699999999999999,STRONG,2026-01-19T17:44:39.351992
Cedric Coward,pr,Pts+Reb,UNDER,23.2,20.6,2.599999999999998,MODERATE,2026-01-19T17:44:39.351998
Cedric Coward,pa,Pts+Ast,UNDER,18.7,14.4,4.299999999999999,STRONG,2026-01-19T17:44:39.352004
Chet Holmgren,pra,Pts+Reb+Ast,UNDER,28.1,22.8,5.300000000000001,STRONG,2026-01-19T17:44:39.352117
Chet Holmgren,pr,Pts+Reb,UNDER,26.5,23.2,3.3000000000000007,STRONG,2026-01-19T17:44:39.352124
Chris Paul,pts,Points,OVER,2.6,5.9,3.3000000000000003,STRONG,2026-01-19T17:44:39.352167
Chris Paul,pra,Pts+Reb+Ast,OVER,7.7,10.3,2.6000000000000005,MODERATE,2026-01-19T17:44:39.352183
Chris Paul,pr,Pts+Reb,OVER,4.7,6.8,2.0999999999999996,MODERATE,2026-01-19T17:44:39.352189
Chris Paul,pa,Pts+Ast,OVER,5.6,8.0,2.4000000000000004,MODERATE,2026-01-19T17:44:39.352195
Christian Braun,pra,Pts+Reb+Ast,UNDER,17.3,15.3,2.0,MODERATE,2026-01-19T17:44:39.352307
Christian Koloko,pts,Points,OVER,2.7,5.7,3.0,STRONG,2026-01-19T17:44:39.352354
Christian Koloko,pra,Pts+Reb+Ast,OVER,7.3,10.4,3.1000000000000005,STRONG,2026-01-19T17:44:39.352369
Christian Koloko,pr,Pts+Reb,OVER,6.4,9.3,2.9000000000000004,MODERATE,2026-01-19T17:44:39.352376
Christian Koloko,pa,Pts+Ast,OVER,3.6,6.6,2.9999999999999996,MODERATE,2026-01-19T17:44:39.352382
Clint Capela,pra,Pts+Reb+Ast,OVER,8.5,11.9,3.4000000000000004,STRONG,2026-01-19T17:44:39.352435
Coby White,pts,Points,OVER,13.7,18.0,4.300000000000001,STRONG,2026-01-19T17:44:39.352483
Coby White,pra,Pts+Reb+Ast,OVER,21.9,25.8,3.900000000000002,STRONG,2026-01-19T17:44:39.352498
Coby White,pa,Pts+Ast,OVER,18.1,21.8,3.6999999999999993,STRONG,2026-01-19T17:44:39.352509
Cole Anthony,pra,Pts+Reb+Ast,OVER,5.7,7.7,2.0,MODERATE,2026-01-19T17:44:39.352621
Collin Gillespie,pra,Pts+Reb+Ast,OVER,20.9,25.2,4.300000000000001,STRONG,2026-01-19T17:44:39.352682
Collin Gillespie,pa,Pts+Ast,OVER,16.5,19.5,3.0,STRONG,2026-01-19T17:44:39.352694
Collin Murray-Boyles,trb,Rebounds,UNDER,8.4,6.0,2.4000000000000004,MODERATE,2026-01-19T17:44:39.352736
Collin Sexton,pts,Points,UNDER,14.2,10.6,3.5999999999999996,STRONG,2026-01-19T17:44:39.352792
Collin Sexton,pra,Pts+Reb+Ast,UNDER,20.2,17.6,2.599999999999998,MODERATE,2026-01-19T17:44:39.352808
Collin Sexton,pa,Pts+Ast,UNDER,18.3,13.8,4.5,STRONG,2026-01-19T17:44:39.352819
Corey Kispert,pts,Points,UNDER,11.0,8.9,2.0999999999999996,MODERATE,2026-01-19T17:44:39.352916
Craig Porter Jr.,pts,Points,OVER,3.6,6.8,3.1999999999999997,STRONG,2026-01-19T17:44:39.352978
Craig Porter Jr.,pr,Pts+Reb,OVER,8.7,11.5,2.8000000000000007,MODERATE,2026-01-19T17:44:39.352997
D'Angelo Russell,pa,Pts+Ast,UNDER,10.4,8.3,2.0999999999999996,MODERATE,2026-01-19T17:44:39.353064
Daniss Jenkins,pa,Pts+Ast,OVER,10.0,12.6,2.5999999999999996,MODERATE,2026-01-19T17:44:39.353357
David Jones Garcia,pra,Pts+Reb+Ast,UNDER,6.2,4.2,2.0,MODERATE,2026-01-19T17:44:39.353538
David Jones Garcia,pa,Pts+Ast,UNDER,5.0,2.3,2.7,MODERATE,2026-01-19T17:44:39.353549
Davion Mitchell,pr,Pts+Reb,OVER,8.8,11.7,2.8999999999999986,MODERATE,2026-01-19T17:44:39.353608
Day'Ron Sharpe,pts,Points,UNDER,10.4,7.6,2.8000000000000007,MODERATE,2026-01-19T17:44:39.353652
Day'Ron Sharpe,trb,Rebounds,UNDER,8.4,6.4,2.0,MODERATE,2026-01-19T17:44:39.353659
Day'Ron Sharpe,pra,Pts+Reb+Ast,UNDER,21.4,16.2,5.199999999999999,STRONG,2026-01-19T17:44:39.353669
Day'Ron Sharpe,pr,Pts+Reb,UNDER,18.8,14.2,4.600000000000001,STRONG,2026-01-19T17:44:39.353676
Day'Ron Sharpe,pa,Pts+Ast,UNDER,13.0,11.0,2.0,MODERATE,2026-01-19T17:44:39.353682
De'Anthony Melton,pts,Points,UNDER,13.0,10.2,2.8000000000000007,MODERATE,2026-01-19T17:44:39.353838
De'Anthony Melton,pra,Pts+Reb+Ast,UNDER,18.1,15.3,2.8000000000000007,MODERATE,2026-01-19T17:44:39.353854
De'Anthony Melton,pr,Pts+Reb,UNDER,16.5,12.6,3.9000000000000004,STRONG,2026-01-19T17:44:39.353860
De'Anthony Melton,pa,Pts+Ast,UNDER,14.6,11.5,3.0999999999999996,STRONG,2026-01-19T17:44:39.353866
DeMar DeRozan,pts,Points,UNDER,20.0,17.7,2.3000000000000007,MODERATE,2026-01-19T17:44:39.353910
DeMar DeRozan,pra,Pts+Reb+Ast,UNDER,27.8,25.0,2.8000000000000007,MODERATE,2026-01-19T17:44:39.353926
DeMar DeRozan,pa,Pts+Ast,UNDER,24.4,20.2,4.199999999999999,STRONG,2026-01-19T17:44:39.353937
Dean Wade,pra,Pts+Reb+Ast,UNDER,13.3,11.2,2.1000000000000014,MODERATE,2026-01-19T17:44:39.353990
Deni Avdija,pts,Points,UNDER,27.9,20.5,7.399999999999999,STRONG,2026-01-19T17:44:39.354095
Deni Avdija,trb,Rebounds,UNDER,7.1,4.7,2.3999999999999995,MODERATE,2026-01-19T17:44:39.354102
Deni Avdija,pra,Pts+Reb+Ast,UNDER,42.9,34.0,8.899999999999999,STRONG,2026-01-19T17:44:39.354113
Deni Avdija,pr,Pts+Reb,UNDER,35.0,28.1,6.899999999999999,STRONG,2026-01-19T17:44:39.354119
Deni Avdija,pa,Pts+Ast,UNDER,35.8,29.1,6.699999999999996,STRONG,2026-01-19T17:44:39.354125
Dennis Schröder,pa,Pts+Ast,UNDER,17.6,15.5,2.1000000000000014,MODERATE,2026-01-19T17:44:39.354187
Derik Queen,pts,Points,OVER,9.7,13.7,4.0,STRONG,2026-01-19T17:44:39.354226
Derik Queen,pa,Pts+Ast,OVER,15.0,20.2,5.199999999999999,STRONG,2026-01-19T17:44:39.354251
Derrick White,pts,Points,OVER,18.4,21.1,2.700000000000003,MODERATE,2026-01-19T17:44:39.354348
Desmond Bane,pts,Points,OVER,19.2,21.3,2.1000000000000014,MODERATE,2026-01-19T17:44:39.354409
Desmond Bane,pra,Pts+Reb+Ast,OVER,28.0,30.0,2.0,MODERATE,2026-01-19T17:44:39.354424
Desmond Bane,pr,Pts+Reb,OVER,23.5,25.5,2.0,MODERATE,2026-01-19T17:44:39.354430
Devin Booker,pr,Pts+Reb,OVER,27.8,30.2,2.3999999999999986,MODERATE,2026-01-19T17:44:39.354492
Domantas Sabonis,pra,Pts+Reb+Ast,UNDER,33.7,29.0,4.700000000000003,STRONG,2026-01-19T17:44:39.354727
Domantas Sabonis,pr,Pts+Reb,UNDER,29.5,24.0,5.5,STRONG,2026-01-19T17:44:39.354733
Dominick Barlow,pra,Pts+Reb+Ast,OVER,11.8,14.1,2.299999999999999,MODERATE,2026-01-19T17:44:39.354791
Dominick Barlow,pa,Pts+Ast,OVER,7.5,9.8,2.3000000000000007,MODERATE,2026-01-19T17:44:39.354802
Donovan Mitchell,pts,Points,OVER,25.0,33.9,8.899999999999999,STRONG,2026-01-19T17:44:39.354900
Donovan Mitchell,pra,Pts+Reb+Ast,OVER,37.3,41.5,4.200000000000003,STRONG,2026-01-19T17:44:39.354915
Donovan Mitchell,pr,Pts+Reb,OVER,30.6,35.9,5.299999999999997,STRONG,2026-01-19T17:44:39.354922
Donovan Mitchell,pa,Pts+Ast,OVER,31.7,39.0,7.300000000000001,STRONG,2026-01-19T17:44:39.354927
Dorian Finney-Smith,pts,Points,OVER,2.5,5.8,3.3,STRONG,2026-01-19T17:44:39.355026
Dorian Finney-Smith,pra,Pts+Reb+Ast,OVER,5.9,8.4,2.5,MODERATE,2026-01-19T17:44:39.355042
Dorian Finney-Smith,pa,Pts+Ast,OVER,3.0,7.0,4.0,STRONG,2026-01-19T17:44:39.355053
Drake Powell,pra,Pts+Reb+Ast,OVER,8.7,10.8,2.1000000000000014,MODERATE,2026-01-19T17:44:39.355105
Dru Smith,pra,Pts+Reb+Ast,OVER,8.9,11.3,2.4000000000000004,MODERATE,2026-01-19T17:44:39.355297
Dru Smith,pa,Pts+Ast,OVER,7.0,9.0,2.0,MODERATE,2026-01-19T17:44:39.355309
Duop Reath,pts,Points,OVER,1.9,4.3,2.4,MODERATE,2026-01-19T17:44:39.355410
Duop Reath,pra,Pts+Reb+Ast,OVER,4.0,7.8,3.8,STRONG,2026-01-19T17:44:39.355426
Duop Reath,pr,Pts+Reb,OVER,3.7,7.2,3.5,STRONG,2026-01-19T17:44:39.355433
Duop Reath,pa,Pts+Ast,OVER,2.2,4.9,2.7,MODERATE,2026-01-19T17:44:39.355439
Dylan Harper,pts,Points,OVER,7.5,10.1,2.5999999999999996,MODERATE,2026-01-19T17:44:39.355600
Dylan Harper,pra,Pts+Reb+Ast,OVER,12.5,15.9,3.4000000000000004,STRONG,2026-01-19T17:44:39.355616
Dylan Harper,pr,Pts+Reb,OVER,10.3,13.7,3.3999999999999986,STRONG,2026-01-19T17:44:39.355622
Dylan Harper,pa,Pts+Ast,OVER,9.7,12.1,2.4000000000000004,MODERATE,2026-01-19T17:44:39.355628
Dyson Daniels,pra,Pts+Reb+Ast,UNDER,26.7,23.6,3.099999999999998,STRONG,2026-01-19T17:44:39.355681
Egor Dëmin,pts,Points,UNDER,13.9,11.6,2.3000000000000007,MODERATE,2026-01-19T17:44:39.355729
Egor Dëmin,pa,Pts+Ast,UNDER,17.6,15.3,2.3000000000000007,MODERATE,2026-01-19T17:44:39.355754
Ethan Thompson,pts,Points,OVER,3.4,7.6,4.199999999999999,STRONG,2026-01-19T17:44:39.355792
Ethan Thompson,pra,Pts+Reb+Ast,OVER,6.6,12.3,5.700000000000001,STRONG,2026-01-19T17:44:39.355808
Ethan Thompson,pr,Pts+Reb,OVER,5.3,9.1,3.8,STRONG,2026-01-19T17:44:39.355814
Ethan Thompson,pa,Pts+Ast,OVER,4.7,8.6,3.8999999999999995,STRONG,2026-01-19T17:44:39.355820
GG Jackson,pra,Pts+Reb+Ast,UNDER,13.1,10.9,2.1999999999999993,MODERATE,2026-01-19T17:44:39.355991
GG Jackson,pr,Pts+Reb,UNDER,12.0,9.5,2.5,MODERATE,2026-01-19T17:44:39.355998
GG Jackson,pa,Pts+Ast,UNDER,10.1,8.1,2.0,MODERATE,2026-01-19T17:44:39.356004
Gabe Vincent,pra,Pts+Reb+Ast,OVER,7.6,10.3,2.700000000000001,MODERATE,2026-01-19T17:44:39.356056
Gabe Vincent,pr,Pts+Reb,OVER,6.8,8.9,2.1000000000000005,MODERATE,2026-01-19T17:44:39.356063
Garrett Temple,pa,Pts+Ast,OVER,0.7,2.7,2.0,MODERATE,2026-01-19T17:44:39.356128
Gary Payton II,pra,Pts+Reb+Ast,UNDER,12.5,9.4,3.0999999999999996,STRONG,2026-01-19T17:44:39.356298
Gary Payton II,pr,Pts+Reb,UNDER,11.2,9.2,2.0,MODERATE,2026-01-19T17:44:39.356305
Gary Trent Jr.,pts,Points,OVER,5.0,8.3,3.3000000000000007,STRONG,2026-01-19T17:44:39.356349
Gary Trent Jr.,pra,Pts+Reb+Ast,OVER,7.5,11.2,3.6999999999999993,STRONG,2026-01-19T17:44:39.356369
Gary Trent Jr.,pr,Pts+Reb,OVER,6.2,10.4,4.2,STRONG,2026-01-19T17:44:39.356388
Gary Trent Jr.,pa,Pts+Ast,OVER,6.3,10.2,3.8999999999999995,STRONG,2026-01-19T17:44:39.356397
Giannis Antetokounmpo,pts,Points,UNDER,28.5,26.0,2.5,MODERATE,2026-01-19T17:44:39.356450
Giannis Antetokounmpo,pr,Pts+Reb,UNDER,37.0,34.7,2.299999999999997,MODERATE,2026-01-19T17:44:39.356470
Gradey Dick,pra,Pts+Reb+Ast,UNDER,12.3,10.2,2.1000000000000014,MODERATE,2026-01-19T17:44:39.356590
Grayson Allen,pts,Points,OVER,14.3,16.3,2.0,MODERATE,2026-01-19T17:44:39.356638
Grayson Allen,pr,Pts+Reb,OVER,17.3,20.6,3.3000000000000007,STRONG,2026-01-19T17:44:39.356663
Hugo González,pts,Points,OVER,3.6,6.3,2.6999999999999997,MODERATE,2026-01-19T17:44:39.357136
Hugo González,pra,Pts+Reb+Ast,OVER,8.5,11.6,3.0999999999999996,STRONG,2026-01-19T17:44:39.357155
Hugo González,pr,Pts+Reb,OVER,7.6,10.7,3.0999999999999996,STRONG,2026-01-19T17:44:39.357161
Immanuel Quickley,pts,Points,UNDER,18.5,14.3,4.199999999999999,STRONG,2026-01-19T17:44:39.357279
Immanuel Quickley,pra,Pts+Reb+Ast,UNDER,27.4,24.1,3.299999999999997,STRONG,2026-01-19T17:44:39.357295
Immanuel Quickley,pr,Pts+Reb,UNDER,22.3,18.6,3.6999999999999993,STRONG,2026-01-19T17:44:39.357301
Immanuel Quickley,pa,Pts+Ast,UNDER,23.6,19.7,3.900000000000002,STRONG,2026-01-19T17:44:39.357307
Isaac Okoro,pts,Points,OVER,8.6,10.8,2.200000000000001,MODERATE,2026-01-19T17:44:39.357349
Isaiah Collier,pra,Pts+Reb+Ast,UNDER,19.7,17.0,2.6999999999999993,MODERATE,2026-01-19T17:44:39.357427
Isaiah Collier,pa,Pts+Ast,UNDER,17.1,14.8,2.3000000000000007,MODERATE,2026-01-19T17:44:39.357438
Isaiah Jackson,pts,Points,OVER,5.9,8.9,3.0,STRONG,2026-01-19T17:44:39.357545
Isaiah Stewart,trb,Rebounds,OVER,4.0,6.0,2.0,MODERATE,2026-01-19T17:44:39.357729
Isaiah Stewart,pra,Pts+Reb+Ast,OVER,15.1,18.8,3.700000000000001,STRONG,2026-01-19T17:44:39.357740
Isaiah Stewart,pr,Pts+Reb,OVER,14.2,16.5,2.3000000000000007,MODERATE,2026-01-19T17:44:39.357747
Ivica Zubac,pts,Points,OVER,10.5,13.9,3.4000000000000004,STRONG,2026-01-19T17:44:39.357792
Ivica Zubac,pra,Pts+Reb+Ast,OVER,21.8,24.2,2.3999999999999986,MODERATE,2026-01-19T17:44:39.357808
Ivica Zubac,pa,Pts+Ast,OVER,12.6,15.8,3.200000000000001,STRONG,2026-01-19T17:44:39.357819
Ja Morant,pr,Pts+Reb,OVER,21.0,23.2,2.1999999999999993,MODERATE,2026-01-19T17:44:39.357936
Ja'Kobe Walter,pra,Pts+Reb+Ast,UNDER,12.7,10.7,2.0,MODERATE,2026-01-19T17:44:39.357993
Ja'Kobe Walter,pr,Pts+Reb,UNDER,11.7,9.3,2.3999999999999986,MODERATE,2026-01-19T17:44:39.357999
Jabari Smith Jr.,pts,Points,OVER,13.1,16.3,3.200000000000001,STRONG,2026-01-19T17:44:39.358042
Jabari Smith Jr.,pra,Pts+Reb+Ast,OVER,21.9,24.3,2.400000000000002,MODERATE,2026-01-19T17:44:39.358057
Jabari Smith Jr.,pr,Pts+Reb,OVER,20.4,23.3,2.900000000000002,MODERATE,2026-01-19T17:44:39.358064
Jabari Smith Jr.,pa,Pts+Ast,OVER,14.6,18.0,3.4000000000000004,STRONG,2026-01-19T17:44:39.358070
Jabari Walker,pts,Points,OVER,3.0,5.4,2.4000000000000004,MODERATE,2026-01-19T17:44:39.358109
Jabari Walker,pra,Pts+Reb+Ast,OVER,6.0,9.1,3.0999999999999996,STRONG,2026-01-19T17:44:39.358124
Jabari Walker,pr,Pts+Reb,OVER,5.5,8.6,3.0999999999999996,STRONG,2026-01-19T17:44:39.358130
Jabari Walker,pa,Pts+Ast,OVER,3.5,6.3,2.8,MODERATE,2026-01-19T17:44:39.358136
Jaime Jaquez Jr.,pr,Pts+Reb,UNDER,20.5,18.0,2.5,MODERATE,2026-01-19T17:44:39.358430
Jake LaRavia,pts,Points,UNDER,12.9,10.7,2.200000000000001,MODERATE,2026-01-19T17:44:39.358473
Jake LaRavia,pra,Pts+Reb+Ast,UNDER,19.8,15.6,4.200000000000001,STRONG,2026-01-19T17:44:39.358489
Jake LaRavia,pa,Pts+Ast,UNDER,15.2,12.8,2.3999999999999986,MODERATE,2026-01-19T17:44:39.358499
Jakob Poeltl,pra,Pts+Reb+Ast,UNDER,20.2,17.3,2.8999999999999986,MODERATE,2026-01-19T17:44:39.358553
Jakob Poeltl,pr,Pts+Reb,UNDER,17.4,13.2,4.199999999999999,STRONG,2026-01-19T17:44:39.358559
Jalen Brunson,pts,Points,OVER,25.4,28.2,2.8000000000000007,MODERATE,2026-01-19T17:44:39.358602
Jalen Brunson,pa,Pts+Ast,OVER,30.6,32.6,2.0,MODERATE,2026-01-19T17:44:39.358627
Jalen Duren,pts,Points,UNDER,16.2,13.0,3.1999999999999993,STRONG,2026-01-19T17:44:39.358665
Jalen Duren,pra,Pts+Reb+Ast,UNDER,27.6,21.9,5.700000000000003,STRONG,2026-01-19T17:44:39.358680
Jalen Duren,pr,Pts+Reb,UNDER,26.1,20.4,5.700000000000003,STRONG,2026-01-19T17:44:39.358687
Jalen Duren,pa,Pts+Ast,UNDER,17.7,15.4,2.299999999999999,MODERATE,2026-01-19T17:44:39.358693
Jalen Johnson,pts,Points,OVER,20.3,22.9,2.599999999999998,MODERATE,2026-01-19T17:44:39.358740
Jalen Johnson,pra,Pts+Reb+Ast,UNDER,36.1,33.9,2.200000000000003,MODERATE,2026-01-19T17:44:39.358755
Jalen Pickett,pts,Points,UNDER,10.8,7.3,3.500000000000001,STRONG,2026-01-19T17:44:39.358808
Jalen Pickett,pra,Pts+Reb+Ast,UNDER,18.7,11.4,7.299999999999999,STRONG,2026-01-19T17:44:39.358823
Jalen Pickett,pr,Pts+Reb,UNDER,14.9,9.6,5.300000000000001,STRONG,2026-01-19T17:44:39.358829
Jalen Pickett,pa,Pts+Ast,UNDER,14.6,10.7,3.9000000000000004,STRONG,2026-01-19T17:44:39.358835
Jalen Suggs,pts,Points,UNDER,17.4,15.3,2.099999999999998,MODERATE,2026-01-19T17:44:39.358937
Jalen Suggs,pra,Pts+Reb+Ast,UNDER,25.2,22.7,2.5,MODERATE,2026-01-19T17:44:39.358953
Jalen Williams,pra,Pts+Reb+Ast,UNDER,28.0,25.8,2.1999999999999993,MODERATE,2026-01-19T17:44:39.359016
Jalen Williams,pa,Pts+Ast,UNDER,23.3,20.1,3.1999999999999993,STRONG,2026-01-19T17:44:39.359027
Jamal Murray,pts,Points,UNDER,29.3,27.2,2.1000000000000014,MODERATE,2026-01-19T17:44:39.359187
Jamal Murray,pra,Pts+Reb+Ast,UNDER,43.0,38.8,4.200000000000003,STRONG,2026-01-19T17:44:39.359203
Jamal Murray,pr,Pts+Reb,UNDER,34.0,28.5,5.5,STRONG,2026-01-19T17:44:39.359210
Jamal Murray,pa,Pts+Ast,UNDER,38.3,32.5,5.799999999999997,STRONG,2026-01-19T17:44:39.359216
Jamal Shead,pa,Pts+Ast,UNDER,16.4,13.8,2.599999999999998,MODERATE,2026-01-19T17:44:39.359278
Jamaree Bouyea,pra,Pts+Reb+Ast,UNDER,13.5,9.6,3.9000000000000004,STRONG,2026-01-19T17:44:39.359331
Jamaree Bouyea,pr,Pts+Reb,UNDER,11.4,9.3,2.0999999999999996,MODERATE,2026-01-19T17:44:39.359338
Jamaree Bouyea,pa,Pts+Ast,UNDER,10.7,8.1,2.5999999999999996,MODERATE,2026-01-19T17:44:39.359344
James Harden,pts,Points,UNDER,24.5,22.5,2.0,MODERATE,2026-01-19T17:44:39.359382
James Harden,pa,Pts+Ast,OVER,32.6,34.7,2.1000000000000014,MODERATE,2026-01-19T17:44:39.359407
Jamir Watkins,pa,Pts+Ast,OVER,4.1,6.2,2.1000000000000005,MODERATE,2026-01-19T17:44:39.359469
Jared McCain,pa,Pts+Ast,OVER,4.9,7.2,2.3,MODERATE,2026-01-19T17:44:39.359646
Jaren Jackson Jr.,pts,Points,UNDER,21.6,18.0,3.6000000000000014,STRONG,2026-01-19T17:44:39.359684
Jaren Jackson Jr.,pr,Pts+Reb,UNDER,27.7,24.4,3.3000000000000007,STRONG,2026-01-19T17:44:39.359705
Jaren Jackson Jr.,pa,Pts+Ast,UNDER,23.1,19.5,3.6000000000000014,STRONG,2026-01-19T17:44:39.359711
Javon Small,pts,Points,OVER,2.1,6.1,3.9999999999999996,STRONG,2026-01-19T17:44:39.359924
Javon Small,pra,Pts+Reb+Ast,OVER,5.6,11.9,6.300000000000001,STRONG,2026-01-19T17:44:39.359940
Javon Small,pr,Pts+Reb,OVER,3.4,7.7,4.300000000000001,STRONG,2026-01-19T17:44:39.359946
Javon Small,pa,Pts+Ast,OVER,4.3,8.6,4.3,STRONG,2026-01-19T17:44:39.359962
Javonte Green,pts,Points,UNDER,9.4,6.4,3.0,STRONG,2026-01-19T17:44:39.360001
Javonte Green,pra,Pts+Reb+Ast,UNDER,12.9,10.0,2.9000000000000004,MODERATE,2026-01-19T17:44:39.360017
Javonte Green,pr,Pts+Reb,UNDER,12.2,8.9,3.299999999999999,STRONG,2026-01-19T17:44:39.360023
Javonte Green,pa,Pts+Ast,UNDER,10.1,7.5,2.5999999999999996,MODERATE,2026-01-19T17:44:39.360029
Jaxson Hayes,pts,Points,UNDER,8.2,5.5,2.6999999999999993,MODERATE,2026-01-19T17:44:39.360067
Jaxson Hayes,pra,Pts+Reb+Ast,UNDER,12.4,10.2,2.200000000000001,MODERATE,2026-01-19T17:44:39.360083
Jaxson Hayes,pa,Pts+Ast,UNDER,8.8,6.8,2.000000000000001,MODERATE,2026-01-19T17:44:39.360094
Jay Huff,pts,Points,UNDER,11.5,8.4,3.0999999999999996,STRONG,2026-01-19T17:44:39.360132
Jay Huff,pra,Pts+Reb+Ast,UNDER,15.9,12.2,3.700000000000001,STRONG,2026-01-19T17:44:39.360147
Jay Huff,pr,Pts+Reb,UNDER,14.7,12.3,2.3999999999999986,MODERATE,2026-01-19T17:44:39.360153
Jay Huff,pa,Pts+Ast,UNDER,12.7,9.0,3.6999999999999993,STRONG,2026-01-19T17:44:39.360159
Jaylen Brown,pr,Pts+Reb,UNDER,36.2,34.2,2.0,MODERATE,2026-01-19T17:44:39.360216
Jaylen Brown,pa,Pts+Ast,UNDER,34.4,32.2,2.1999999999999957,MODERATE,2026-01-19T17:44:39.360222
Jaylen Clark,pra,Pts+Reb+Ast,OVER,7.0,9.0,2.0,MODERATE,2026-01-19T17:44:39.360274
Jaylen Wells,pr,Pts+Reb,OVER,13.2,15.6,2.4000000000000004,MODERATE,2026-01-19T17:44:39.360339
Jaylin Williams,pra,Pts+Reb+Ast,OVER,12.7,15.3,2.6000000000000014,MODERATE,2026-01-19T17:44:39.360395
Jaylon Tyson,pra,Pts+Reb+Ast,OVER,20.0,22.5,2.5,MODERATE,2026-01-19T17:44:39.360455
Jaylon Tyson,pr,Pts+Reb,OVER,17.5,20.1,2.6000000000000014,MODERATE,2026-01-19T17:44:39.360462
Jeff Green,pra,Pts+Reb+Ast,OVER,2.3,4.7,2.4000000000000004,MODERATE,2026-01-19T17:44:39.360517
Jeremiah Fears,pts,Points,UNDER,13.4,10.6,2.8000000000000007,MODERATE,2026-01-19T17:44:39.360623
Jeremiah Fears,pra,Pts+Reb+Ast,UNDER,21.1,18.3,2.8000000000000007,MODERATE,2026-01-19T17:44:39.360638
Jeremiah Fears,pa,Pts+Ast,UNDER,17.0,15.0,2.0,MODERATE,2026-01-19T17:44:39.360649
Jeremiah Robinson-Earl,pr,Pts+Reb,OVER,8.7,10.7,2.0,MODERATE,2026-01-19T17:44:39.360705
Jeremy Sochan,pts,Points,OVER,2.0,4.9,2.9000000000000004,MODERATE,2026-01-19T17:44:39.360757
Jeremy Sochan,pra,Pts+Reb+Ast,OVER,4.4,8.3,3.9000000000000004,STRONG,2026-01-19T17:44:39.360773
Jeremy Sochan,pr,Pts+Reb,OVER,3.9,7.7,3.8000000000000003,STRONG,2026-01-19T17:44:39.360779
Jeremy Sochan,pa,Pts+Ast,OVER,2.5,5.4,2.9000000000000004,MODERATE,2026-01-19T17:44:39.360785
Jevon Carter,pra,Pts+Reb+Ast,UNDER,6.4,4.0,2.4000000000000004,MODERATE,2026-01-19T17:44:39.360957
Jimmy Butler III,pts,Points,UNDER,19.4,16.4,3.0,STRONG,2026-01-19T17:44:39.361005
Jimmy Butler III,pra,Pts+Reb+Ast,UNDER,30.6,26.1,4.5,STRONG,2026-01-19T17:44:39.361020
Jimmy Butler III,pr,Pts+Reb,UNDER,25.2,21.5,3.6999999999999993,STRONG,2026-01-19T17:44:39.361027
Jimmy Butler III,pa,Pts+Ast,UNDER,24.8,19.9,4.900000000000002,STRONG,2026-01-19T17:44:39.361033
Joan Beringer,pts,Points,OVER,3.3,5.3,2.0,MODERATE,2026-01-19T17:44:39.361072
Joan Beringer,trb,Rebounds,OVER,1.9,4.2,2.3000000000000003,MODERATE,2026-01-19T17:44:39.361078
Joan Beringer,pra,Pts+Reb+Ast,OVER,5.4,12.4,7.0,STRONG,2026-01-19T17:44:39.361089
Joan Beringer,pr,Pts+Reb,OVER,5.2,10.8,5.6000000000000005,STRONG,2026-01-19T17:44:39.361095
Joan Beringer,pa,Pts+Ast,OVER,3.5,6.3,2.8,MODERATE,2026-01-19T17:44:39.361101
Joel Embiid,pts,Points,UNDER,26.9,23.0,3.8999999999999986,STRONG,2026-01-19T17:44:39.361260
Joel Embiid,pra,Pts+Reb+Ast,UNDER,38.0,32.4,5.600000000000001,STRONG,2026-01-19T17:44:39.361276
Joel Embiid,pr,Pts+Reb,UNDER,34.2,30.3,3.900000000000002,STRONG,2026-01-19T17:44:39.361283
Joel Embiid,pa,Pts+Ast,UNDER,30.7,27.7,3.0,STRONG,2026-01-19T17:44:39.361289
John Collins,pts,Points,UNDER,14.7,12.5,2.1999999999999993,MODERATE,2026-01-19T17:44:39.361328
John Collins,pr,Pts+Reb,UNDER,20.3,18.2,2.1000000000000014,MODERATE,2026-01-19T17:44:39.361348
Johnny Furphy,pts,Points,OVER,6.5,8.5,2.0,MODERATE,2026-01-19T17:44:39.361449
Johnny Juzang,pra,Pts+Reb+Ast,OVER,4.4,6.7,2.3,MODERATE,2026-01-19T17:44:39.361523
Jordan Clarkson,pr,Pts+Reb,UNDER,10.7,8.3,2.3999999999999986,MODERATE,2026-01-19T17:44:39.361823
Jordan Hawkins,pts,Points,OVER,2.4,6.0,3.6,STRONG,2026-01-19T17:44:39.361923
Jordan Hawkins,pra,Pts+Reb+Ast,OVER,4.7,9.5,4.8,STRONG,2026-01-19T17:44:39.361939
Jordan Hawkins,pr,Pts+Reb,OVER,4.3,7.9,3.6000000000000005,STRONG,2026-01-19T17:44:39.361946
Jordan Hawkins,pa,Pts+Ast,OVER,2.8,6.6,3.8,STRONG,2026-01-19T17:44:39.361952
Jordan McLaughlin,pts,Points,OVER,2.2,4.4,2.2,MODERATE,2026-01-19T17:44:39.361991
Jordan McLaughlin,pra,Pts+Reb+Ast,OVER,3.1,7.2,4.1,STRONG,2026-01-19T17:44:39.362007
Jordan McLaughlin,pr,Pts+Reb,OVER,2.7,5.6,2.8999999999999995,MODERATE,2026-01-19T17:44:39.362013
Jordan McLaughlin,pa,Pts+Ast,OVER,2.6,6.0,3.4,STRONG,2026-01-19T17:44:39.362019
Jordan Miller,pa,Pts+Ast,UNDER,11.6,8.9,2.6999999999999993,MODERATE,2026-01-19T17:44:39.362081
Jordan Poole,pts,Points,UNDER,12.6,9.5,3.0999999999999996,STRONG,2026-01-19T17:44:39.362121
Jordan Walsh,pts,Points,OVER,4.0,7.8,3.8,STRONG,2026-01-19T17:44:39.362182
Jordan Walsh,pra,Pts+Reb+Ast,OVER,8.9,13.5,4.6,STRONG,2026-01-19T17:44:39.362198
Jordan Walsh,pr,Pts+Reb,OVER,8.4,12.8,4.4,STRONG,2026-01-19T17:44:39.362204
Jordan Walsh,pa,Pts+Ast,OVER,4.5,9.1,4.6,STRONG,2026-01-19T17:44:39.362210
Josh Giddey,pra,Pts+Reb+Ast,UNDER,33.3,30.2,3.099999999999998,STRONG,2026-01-19T17:44:39.362321
Josh Giddey,pa,Pts+Ast,UNDER,25.9,22.8,3.099999999999998,STRONG,2026-01-19T17:44:39.362332
Josh Green,pts,Points,OVER,3.0,5.7,2.7,MODERATE,2026-01-19T17:44:39.362371
Josh Green,pra,Pts+Reb+Ast,OVER,5.9,9.4,3.5,STRONG,2026-01-19T17:44:39.362386
Josh Green,pr,Pts+Reb,OVER,4.8,8.0,3.2,STRONG,2026-01-19T17:44:39.362392
Josh Green,pa,Pts+Ast,OVER,4.1,6.8,2.7,MODERATE,2026-01-19T17:44:39.362398
Josh Hart,pra,Pts+Reb+Ast,OVER,25.9,28.7,2.8000000000000007,MODERATE,2026-01-19T17:44:39.362450
Josh Minott,pra,Pts+Reb+Ast,UNDER,7.9,4.3,3.6000000000000005,STRONG,2026-01-19T17:44:39.362512
Josh Minott,pr,Pts+Reb,UNDER,7.1,4.1,3.0,STRONG,2026-01-19T17:44:39.362518
Josh Minott,pa,Pts+Ast,UNDER,5.5,2.9,2.6,MODERATE,2026-01-19T17:44:39.362524
Josh Okogie,pts,Points,OVER,2.4,5.3,2.9,MODERATE,2026-01-19T17:44:39.362562
Josh Okogie,pra,Pts+Reb+Ast,OVER,5.9,9.3,3.4000000000000004,STRONG,2026-01-19T17:44:39.362577
Josh Okogie,pa,Pts+Ast,OVER,3.1,6.5,3.4,STRONG,2026-01-19T17:44:39.362588
Julian Champagnie,pts,Points,UNDER,15.8,13.4,2.4000000000000004,MODERATE,2026-01-19T17:44:39.362685
Julian Champagnie,pra,Pts+Reb+Ast,UNDER,26.2,23.5,2.6999999999999993,MODERATE,2026-01-19T17:44:39.362700
Julian Champagnie,pr,Pts+Reb,UNDER,24.4,19.6,4.799999999999997,STRONG,2026-01-19T17:44:39.362706
Julian Champagnie,pa,Pts+Ast,UNDER,17.6,13.8,3.8000000000000007,STRONG,2026-01-19T17:44:39.362712
Julian Phillips,pra,Pts+Reb+Ast,UNDER,5.5,3.4,2.1,MODERATE,2026-01-19T17:44:39.362771
Julian Phillips,pr,Pts+Reb,UNDER,5.2,2.8,2.4000000000000004,MODERATE,2026-01-19T17:44:39.362778
Julian Strawther,pts,Points,OVER,3.1,5.2,2.1,MODERATE,2026-01-19T17:44:39.362822
Julian Strawther,pra,Pts+Reb+Ast,OVER,5.2,7.5,2.3,MODERATE,2026-01-19T17:44:39.362837
Julian Strawther,pr,Pts+Reb,OVER,4.3,6.9,2.6000000000000005,MODERATE,2026-01-19T17:44:39.362843
Julius Randle,pts,Points,UNDER,22.7,20.5,2.1999999999999993,MODERATE,2026-01-19T17:44:39.362887
Julius Randle,pra,Pts+Reb+Ast,UNDER,35.1,32.4,2.700000000000003,MODERATE,2026-01-19T17:44:39.362904
Julius Randle,pa,Pts+Ast,UNDER,28.0,25.6,2.3999999999999986,MODERATE,2026-01-19T17:44:39.362915
Justin Champagnie,pts,Points,UNDER,11.6,9.6,2.0,MODERATE,2026-01-19T17:44:39.362953
Jusuf Nurkić,pts,Points,UNDER,15.4,11.5,3.9000000000000004,STRONG,2026-01-19T17:44:39.363072
Jusuf Nurkić,trb,Rebounds,UNDER,11.7,7.6,4.1,STRONG,2026-01-19T17:44:39.363078
Jusuf Nurkić,pra,Pts+Reb+Ast,UNDER,32.7,20.9,11.800000000000004,STRONG,2026-01-19T17:44:39.363089
Jusuf Nurkić,pr,Pts+Reb,UNDER,27.1,19.9,7.200000000000003,STRONG,2026-01-19T17:44:39.363095
Jusuf Nurkić,pa,Pts+Ast,UNDER,21.0,16.7,4.300000000000001,STRONG,2026-01-19T17:44:39.363101
Kam Jones,pts,Points,OVER,1.9,4.7,2.8000000000000003,MODERATE,2026-01-19T17:44:39.363198
Kam Jones,trb,Rebounds,OVER,0.4,3.1,2.7,MODERATE,2026-01-19T17:44:39.363205
Kam Jones,pra,Pts+Reb+Ast,OVER,2.9,7.8,4.9,STRONG,2026-01-19T17:44:39.363215
Kam Jones,pr,Pts+Reb,OVER,2.3,6.8,4.5,STRONG,2026-01-19T17:44:39.363221
Kam Jones,pa,Pts+Ast,OVER,2.5,6.0,3.5,STRONG,2026-01-19T17:44:39.363228
Karl-Anthony Towns,pr,Pts+Reb,OVER,27.2,30.5,3.3000000000000007,STRONG,2026-01-19T17:44:39.363285
Kasparas Jakučionis,pts,Points,OVER,3.5,5.5,2.0,MODERATE,2026-01-19T17:44:39.363385
Kasparas Jakučionis,pra,Pts+Reb+Ast,OVER,7.2,11.0,3.8,STRONG,2026-01-19T17:44:39.363400
Kasparas Jakučionis,pr,Pts+Reb,OVER,5.4,8.3,2.9000000000000004,MODERATE,2026-01-19T17:44:39.363406
Kasparas Jakučionis,pa,Pts+Ast,OVER,5.3,8.7,3.3999999999999995,STRONG,2026-01-19T17:44:39.363412
Kawhi Leonard,pra,Pts+Reb+Ast,UNDER,42.3,38.4,3.8999999999999986,STRONG,2026-01-19T17:44:39.363464
Keldon Johnson,pts,Points,UNDER,14.9,9.9,5.0,STRONG,2026-01-19T17:44:39.363797
Keldon Johnson,pra,Pts+Reb+Ast,UNDER,21.3,15.5,5.800000000000001,STRONG,2026-01-19T17:44:39.363828
Keldon Johnson,pr,Pts+Reb,UNDER,20.6,16.5,4.100000000000001,STRONG,2026-01-19T17:44:39.363838
Keldon Johnson,pa,Pts+Ast,UNDER,15.6,11.7,3.9000000000000004,STRONG,2026-01-19T17:44:39.363850
Kelly Oubre Jr.,pra,Pts+Reb+Ast,OVER,14.8,19.7,4.899999999999999,STRONG,2026-01-19T17:44:39.364063
Kelly Oubre Jr.,pr,Pts+Reb,OVER,13.8,17.1,3.3000000000000007,STRONG,2026-01-19T17:44:39.364070
Kelly Oubre Jr.,pa,Pts+Ast,OVER,10.5,14.0,3.5,STRONG,2026-01-19T17:44:39.364077
Kentavious Caldwell-Pope,pts,Points,UNDER,9.1,6.9,2.1999999999999993,MODERATE,2026-01-19T17:44:39.364201
Kentavious Caldwell-Pope,pra,Pts+Reb+Ast,UNDER,13.2,10.5,2.6999999999999993,MODERATE,2026-01-19T17:44:39.364217
Kentavious Caldwell-Pope,pr,Pts+Reb,UNDER,11.5,8.3,3.1999999999999993,STRONG,2026-01-19T17:44:39.364223
Keon Ellis,pts,Points,UNDER,6.8,4.8,2.0,MODERATE,2026-01-19T17:44:39.364275
Keon Ellis,pa,Pts+Ast,UNDER,7.2,5.1,2.1000000000000005,MODERATE,2026-01-19T17:44:39.364301
Kevin Durant,pts,Points,UNDER,28.8,24.4,4.400000000000002,STRONG,2026-01-19T17:44:39.364410
Kevin Durant,pa,Pts+Ast,UNDER,33.9,28.2,5.699999999999999,STRONG,2026-01-19T17:44:39.364436
Kevin Love,pra,Pts+Reb+Ast,UNDER,17.6,13.3,4.300000000000001,STRONG,2026-01-19T17:44:39.364553
Kevin Love,pr,Pts+Reb,UNDER,15.6,12.7,2.9000000000000004,MODERATE,2026-01-19T17:44:39.364559
Kevin Love,pa,Pts+Ast,UNDER,10.9,7.5,3.4000000000000004,STRONG,2026-01-19T17:44:39.364566
Kevin Porter Jr.,pts,Points,OVER,13.7,19.7,6.0,STRONG,2026-01-19T17:44:39.364666
Kevin Porter Jr.,pra,Pts+Reb+Ast,OVER,26.2,30.2,4.0,STRONG,2026-01-19T17:44:39.364682
Kevin Porter Jr.,pr,Pts+Reb,OVER,18.5,23.9,5.399999999999999,STRONG,2026-01-19T17:44:39.364688
Kevin Porter Jr.,pa,Pts+Ast,OVER,21.4,24.1,2.700000000000003,MODERATE,2026-01-19T17:44:39.364694
Kevon Looney,pts,Points,OVER,2.2,5.1,2.8999999999999995,MODERATE,2026-01-19T17:44:39.364733
Kevon Looney,pra,Pts+Reb+Ast,OVER,9.2,13.7,4.5,STRONG,2026-01-19T17:44:39.364748
Kevon Looney,pr,Pts+Reb,OVER,7.5,12.4,4.9,STRONG,2026-01-19T17:44:39.364754
Kevon Looney,pa,Pts+Ast,OVER,3.9,7.1,3.1999999999999997,STRONG,2026-01-19T17:44:39.364760
Keyonte George,pr,Pts+Reb,OVER,26.1,28.7,2.599999999999998,MODERATE,2026-01-19T17:44:39.364818
Khaman Maluach,pr,Pts+Reb,OVER,2.1,4.3,2.1999999999999997,MODERATE,2026-01-19T17:44:39.364882
Khris Middleton,pts,Points,OVER,8.5,11.1,2.5999999999999996,MODERATE,2026-01-19T17:44:39.364925
Khris Middleton,pa,Pts+Ast,OVER,11.6,15.6,4.0,STRONG,2026-01-19T17:44:39.364950
Klay Thompson,pts,Points,UNDER,14.6,9.8,4.799999999999999,STRONG,2026-01-19T17:44:39.364990
Klay Thompson,pra,Pts+Reb+Ast,UNDER,18.3,15.5,2.8000000000000007,MODERATE,2026-01-19T17:44:39.365006
Klay Thompson,pr,Pts+Reb,UNDER,16.3,13.1,3.200000000000001,STRONG,2026-01-19T17:44:39.365013
Klay Thompson,pa,Pts+Ast,UNDER,16.6,13.4,3.200000000000001,STRONG,2026-01-19T17:44:39.365019
Kon Knueppel,pra,Pts+Reb+Ast,UNDER,28.6,24.1,4.5,STRONG,2026-01-19T17:44:39.365191
Kon Knueppel,pr,Pts+Reb,UNDER,24.7,21.9,2.8000000000000007,MODERATE,2026-01-19T17:44:39.365198
Kon Knueppel,pa,Pts+Ast,UNDER,22.8,18.9,3.900000000000002,STRONG,2026-01-19T17:44:39.365204
Kristaps Porziņģis,pts,Points,UNDER,17.2,15.0,2.1999999999999993,MODERATE,2026-01-19T17:44:39.365361
Kristaps Porziņģis,pra,Pts+Reb+Ast,UNDER,24.3,21.7,2.6000000000000014,MODERATE,2026-01-19T17:44:39.365377
Kyle Anderson,pra,Pts+Reb+Ast,UNDER,15.5,13.4,2.0999999999999996,MODERATE,2026-01-19T17:44:39.365449
Kyle Kuzma,pr,Pts+Reb,OVER,13.7,15.8,2.1000000000000014,MODERATE,2026-01-19T17:44:39.365581
Kyshawn George,pts,Points,UNDER,16.5,13.5,3.0,STRONG,2026-01-19T17:44:39.365624
LaMelo Ball,pr,Pts+Reb,UNDER,25.6,22.0,3.6000000000000014,STRONG,2026-01-19T17:44:39.365705
Landry Shamet,pts,Points,UNDER,9.8,6.7,3.1000000000000005,STRONG,2026-01-19T17:44:39.365749
Landry Shamet,pra,Pts+Reb+Ast,UNDER,12.7,8.3,4.399999999999999,STRONG,2026-01-19T17:44:39.365765
Landry Shamet,pr,Pts+Reb,UNDER,11.3,7.1,4.200000000000001,STRONG,2026-01-19T17:44:39.365771
Landry Shamet,pa,Pts+Ast,UNDER,11.2,8.3,2.8999999999999986,MODERATE,2026-01-19T17:44:39.365777
Lauri Markkanen,pts,Points,UNDER,28.6,24.0,4.600000000000001,STRONG,2026-01-19T17:44:39.365876
Lauri Markkanen,pra,Pts+Reb+Ast,UNDER,39.2,36.3,2.9000000000000057,MODERATE,2026-01-19T17:44:39.365891
Lauri Markkanen,pa,Pts+Ast,UNDER,31.1,27.1,4.0,STRONG,2026-01-19T17:44:39.365902
LeBron James,pts,Points,UNDER,25.6,22.8,2.8000000000000007,MODERATE,2026-01-19T17:44:39.365940
LeBron James,pra,Pts+Reb+Ast,UNDER,39.7,33.6,6.100000000000001,STRONG,2026-01-19T17:44:39.365956
LeBron James,pr,Pts+Reb,UNDER,32.7,26.6,6.100000000000001,STRONG,2026-01-19T17:44:39.365962
LeBron James,pa,Pts+Ast,UNDER,32.6,27.8,4.800000000000001,STRONG,2026-01-19T17:44:39.365967
Leonard Miller,pra,Pts+Reb+Ast,OVER,4.8,7.0,2.2,MODERATE,2026-01-19T17:44:39.366020
Liam McNeeley,pra,Pts+Reb+Ast,OVER,7.1,9.5,2.4000000000000004,MODERATE,2026-01-19T17:44:39.366082
Lonzo Ball,pts,Points,OVER,4.1,6.1,2.0,MODERATE,2026-01-19T17:44:39.366193
Lonzo Ball,pr,Pts+Reb,OVER,7.2,9.6,2.3999999999999995,MODERATE,2026-01-19T17:44:39.366213
Luka Dončić,pts,Points,UNDER,33.4,28.6,4.799999999999997,STRONG,2026-01-19T17:44:39.366316
Luka Dončić,pra,Pts+Reb+Ast,UNDER,48.2,40.7,7.5,STRONG,2026-01-19T17:44:39.366331
Luka Dončić,pr,Pts+Reb,UNDER,39.5,33.1,6.399999999999999,STRONG,2026-01-19T17:44:39.366338
Luka Dončić,pa,Pts+Ast,UNDER,42.1,37.0,5.100000000000001,STRONG,2026-01-19T17:44:39.366344
Luka Garza,pra,Pts+Reb+Ast,UNDER,15.3,13.1,2.200000000000001,MODERATE,2026-01-19T17:44:39.366396
Luka Garza,pr,Pts+Reb,UNDER,14.5,12.0,2.5,MODERATE,2026-01-19T17:44:39.366402
Luke Kennard,pts,Points,UNDER,10.1,7.0,3.0999999999999996,STRONG,2026-01-19T17:44:39.366445
Luke Kennard,pra,Pts+Reb+Ast,UNDER,14.3,10.1,4.200000000000001,STRONG,2026-01-19T17:44:39.366461
Luke Kennard,pr,Pts+Reb,UNDER,12.0,8.9,3.0999999999999996,STRONG,2026-01-19T17:44:39.366467
Luke Kennard,pa,Pts+Ast,UNDER,12.4,9.2,3.200000000000001,STRONG,2026-01-19T17:44:39.366472
Luke Kornet,pra,Pts+Reb+Ast,UNDER,17.8,15.8,2.0,MODERATE,2026-01-19T17:44:39.366525
Malaki Branham,pa,Pts+Ast,OVER,4.8,7.1,2.3,MODERATE,2026-01-19T17:44:39.366654
Malik Monk,pr,Pts+Reb,OVER,11.2,13.9,2.700000000000001,MODERATE,2026-01-19T17:44:39.366710
Marcus Sasser,pts,Points,UNDER,5.2,2.3,2.9000000000000004,MODERATE,2026-01-19T17:44:39.366751
Marcus Sasser,pra,Pts+Reb+Ast,UNDER,8.2,4.4,3.799999999999999,STRONG,2026-01-19T17:44:39.366767
Marcus Sasser,pr,Pts+Reb,UNDER,6.3,3.4,2.9,MODERATE,2026-01-19T17:44:39.366773
Marcus Sasser,pa,Pts+Ast,UNDER,7.1,4.2,2.8999999999999995,MODERATE,2026-01-19T17:44:39.366779
Mark Williams,pr,Pts+Reb,OVER,17.9,20.0,2.1000000000000014,MODERATE,2026-01-19T17:44:39.366894
Matas Buzelis,pts,Points,UNDER,17.2,14.6,2.5999999999999996,MODERATE,2026-01-19T17:44:39.367053
Matas Buzelis,pra,Pts+Reb+Ast,UNDER,25.2,19.2,6.0,STRONG,2026-01-19T17:44:39.367068
Matas Buzelis,pr,Pts+Reb,UNDER,22.6,18.0,4.600000000000001,STRONG,2026-01-19T17:44:39.367074
Matas Buzelis,pa,Pts+Ast,UNDER,19.8,16.8,3.0,STRONG,2026-01-19T17:44:39.367080
Max Christie,pts,Points,UNDER,15.8,12.2,3.6000000000000014,STRONG,2026-01-19T17:44:39.367118
Max Christie,pra,Pts+Reb+Ast,UNDER,23.0,18.9,4.100000000000001,STRONG,2026-01-19T17:44:39.367133
Max Christie,pr,Pts+Reb,UNDER,19.9,16.5,3.3999999999999986,STRONG,2026-01-19T17:44:39.367139
Max Christie,pa,Pts+Ast,UNDER,18.9,14.7,4.199999999999999,STRONG,2026-01-19T17:44:39.367145
Maxime Raynaud,pts,Points,OVER,9.5,12.5,3.0,STRONG,2026-01-19T17:44:39.367241
Maxime Raynaud,pra,Pts+Reb+Ast,OVER,18.3,22.3,4.0,STRONG,2026-01-19T17:44:39.367257
Maxime Raynaud,pr,Pts+Reb,OVER,16.9,21.4,4.5,STRONG,2026-01-19T17:44:39.367264
Maxime Raynaud,pa,Pts+Ast,OVER,10.9,13.1,2.1999999999999993,MODERATE,2026-01-19T17:44:39.367274
Micah Potter,pra,Pts+Reb+Ast,UNDER,12.6,9.3,3.299999999999999,STRONG,2026-01-19T17:44:39.367387
Micah Potter,pr,Pts+Reb,UNDER,11.2,7.4,3.799999999999999,STRONG,2026-01-19T17:44:39.367394
Micah Potter,pa,Pts+Ast,UNDER,8.9,6.4,2.5,MODERATE,2026-01-19T17:44:39.367400
Michael Porter Jr.,pts,Points,OVER,26.1,28.7,2.599999999999998,MODERATE,2026-01-19T17:44:39.367451
Michael Porter Jr.,pa,Pts+Ast,OVER,29.5,34.1,4.600000000000001,STRONG,2026-01-19T17:44:39.367476
Mikal Bridges,pts,Points,UNDER,15.2,11.5,3.6999999999999993,STRONG,2026-01-19T17:44:39.367516
Mikal Bridges,pra,Pts+Reb+Ast,UNDER,23.2,18.1,5.099999999999998,STRONG,2026-01-19T17:44:39.367532
Mikal Bridges,pr,Pts+Reb,UNDER,19.7,15.1,4.6,STRONG,2026-01-19T17:44:39.367538
Mikal Bridges,pa,Pts+Ast,UNDER,18.7,15.3,3.3999999999999986,STRONG,2026-01-19T17:44:39.367544
Mike Conley,pts,Points,OVER,4.1,7.7,3.6000000000000005,STRONG,2026-01-19T17:44:39.367583
Mike Conley,pra,Pts+Reb+Ast,OVER,7.5,10.9,3.4000000000000004,STRONG,2026-01-19T17:44:39.367599
Mike Conley,pr,Pts+Reb,OVER,5.3,9.8,4.500000000000001,STRONG,2026-01-19T17:44:39.367605
Mike Conley,pa,Pts+Ast,OVER,6.3,9.8,3.500000000000001,STRONG,2026-01-19T17:44:39.367611
Miles McBride,pts,Points,UNDER,16.8,12.7,4.100000000000001,STRONG,2026-01-19T17:44:39.367709
Miles McBride,pra,Pts+Reb+Ast,UNDER,22.7,18.1,4.599999999999998,STRONG,2026-01-19T17:44:39.367725
Miles McBride,pr,Pts+Reb,UNDER,19.3,15.3,4.0,STRONG,2026-01-19T17:44:39.367731
Miles McBride,pa,Pts+Ast,UNDER,20.2,15.3,4.899999999999999,STRONG,2026-01-19T17:44:39.367737
Mitchell Robinson,pts,Points,OVER,3.9,6.0,2.1,MODERATE,2026-01-19T17:44:39.367776
Mitchell Robinson,pa,Pts+Ast,OVER,5.2,7.2,2.0,MODERATE,2026-01-19T17:44:39.367801
Mohamed Diawara,pra,Pts+Reb+Ast,OVER,3.5,6.3,2.8,MODERATE,2026-01-19T17:44:39.367853
Mohamed Diawara,pr,Pts+Reb,OVER,3.3,5.6,2.3,MODERATE,2026-01-19T17:44:39.367859
Moussa Cisse,pra,Pts+Reb+Ast,OVER,9.3,12.2,2.8999999999999986,MODERATE,2026-01-19T17:44:39.368034
Moussa Cisse,pr,Pts+Reb,OVER,9.1,11.9,2.8000000000000007,MODERATE,2026-01-19T17:44:39.368040
Nae'Qwan Tomlin,pts,Points,OVER,5.2,7.2,2.0,MODERATE,2026-01-19T17:44:39.368258
Nae'Qwan Tomlin,pra,Pts+Reb+Ast,OVER,9.2,12.0,2.8000000000000007,MODERATE,2026-01-19T17:44:39.368274
Naji Marshall,pts,Points,UNDER,16.6,12.2,4.400000000000002,STRONG,2026-01-19T17:44:39.368321
Naji Marshall,pra,Pts+Reb+Ast,UNDER,24.9,16.5,8.399999999999999,STRONG,2026-01-19T17:44:39.368336
Naji Marshall,pr,Pts+Reb,UNDER,20.9,14.1,6.799999999999999,STRONG,2026-01-19T17:44:39.368342
Naji Marshall,pa,Pts+Ast,UNDER,20.6,14.9,5.700000000000001,STRONG,2026-01-19T17:44:39.368349
Naz Reid,pts,Points,UNDER,18.6,14.0,4.600000000000001,STRONG,2026-01-19T17:44:39.368388
Naz Reid,pra,Pts+Reb+Ast,UNDER,27.7,18.5,9.2,STRONG,2026-01-19T17:44:39.368403
Naz Reid,pr,Pts+Reb,UNDER,25.1,20.5,4.600000000000001,STRONG,2026-01-19T17:44:39.368409
Naz Reid,pa,Pts+Ast,UNDER,21.2,15.8,5.399999999999999,STRONG,2026-01-19T17:44:39.368415
Nic Claxton,pra,Pts+Reb+Ast,OVER,21.7,23.8,2.1000000000000014,MODERATE,2026-01-19T17:44:39.368528
Nic Claxton,pa,Pts+Ast,OVER,14.3,16.9,2.599999999999998,MODERATE,2026-01-19T17:44:39.368539
Nick Smith Jr.,pra,Pts+Reb+Ast,OVER,6.1,10.0,3.9000000000000004,STRONG,2026-01-19T17:44:39.368652
Nickeil Alexander-Walker,pra,Pts+Reb+Ast,UNDER,27.8,24.8,3.0,STRONG,2026-01-19T17:44:39.368714
Nickeil Alexander-Walker,pa,Pts+Ast,UNDER,23.7,21.2,2.5,MODERATE,2026-01-19T17:44:39.368725
Nicolas Batum,pra,Pts+Reb+Ast,OVER,8.5,11.0,2.5,MODERATE,2026-01-19T17:44:39.368778
Nicolas Batum,pr,Pts+Reb,OVER,7.6,10.3,2.700000000000001,MODERATE,2026-01-19T17:44:39.368784
Nikola Jokić,pts,Points,UNDER,32.4,26.8,5.599999999999998,STRONG,2026-01-19T17:44:39.368888
Nikola Jokić,trb,Rebounds,UNDER,12.0,9.1,2.9000000000000004,MODERATE,2026-01-19T17:44:39.368894
Nikola Jokić,pra,Pts+Reb+Ast,UNDER,55.3,46.4,8.899999999999999,STRONG,2026-01-19T17:44:39.368905
Nikola Jokić,pr,Pts+Reb,UNDER,44.4,34.8,9.600000000000001,STRONG,2026-01-19T17:44:39.368912
Nikola Jokić,pa,Pts+Ast,UNDER,43.3,37.1,6.199999999999996,STRONG,2026-01-19T17:44:39.368918
Nikola Jović,pts,Points,UNDER,10.9,7.3,3.6000000000000005,STRONG,2026-01-19T17:44:39.368957
Nikola Jović,pra,Pts+Reb+Ast,UNDER,18.0,12.0,6.0,STRONG,2026-01-19T17:44:39.368972
Nikola Jović,pr,Pts+Reb,UNDER,15.1,11.1,4.0,STRONG,2026-01-19T17:44:39.368978
Nikola Jović,pa,Pts+Ast,UNDER,13.8,9.1,4.700000000000001,STRONG,2026-01-19T17:44:39.368984
Nikola Vučević,pts,Points,UNDER,20.3,15.1,5.200000000000001,STRONG,2026-01-19T17:44:39.369023
Nikola Vučević,pra,Pts+Reb+Ast,UNDER,34.5,26.5,8.0,STRONG,2026-01-19T17:44:39.369038
Nikola Vučević,pr,Pts+Reb,UNDER,29.6,23.8,5.800000000000001,STRONG,2026-01-19T17:44:39.369044
Nikola Vučević,pa,Pts+Ast,UNDER,25.2,19.5,5.699999999999999,STRONG,2026-01-19T17:44:39.369050
Nique Clifford,pra,Pts+Reb+Ast,OVER,8.6,11.2,2.5999999999999996,MODERATE,2026-01-19T17:44:39.369102
Noah Clowney,pra,Pts+Reb+Ast,OVER,20.0,22.6,2.6000000000000014,MODERATE,2026-01-19T17:44:39.369164
Noah Clowney,pa,Pts+Ast,OVER,15.4,17.9,2.4999999999999982,MODERATE,2026-01-19T17:44:39.369175
Noah Penda,trb,Rebounds,OVER,4.5,6.9,2.4000000000000004,MODERATE,2026-01-19T17:44:39.369217
Noah Penda,pra,Pts+Reb+Ast,OVER,11.9,15.4,3.5,STRONG,2026-01-19T17:44:39.369228
Noah Penda,pr,Pts+Reb,OVER,10.6,13.6,3.0,STRONG,2026-01-19T17:44:39.369234
Nolan Traore,pr,Pts+Reb,OVER,7.6,10.6,3.0,STRONG,2026-01-19T17:44:39.369296
Norman Powell,pts,Points,UNDER,24.4,21.2,3.1999999999999993,STRONG,2026-01-19T17:44:39.369342
Norman Powell,pra,Pts+Reb+Ast,UNDER,30.4,26.8,3.599999999999998,STRONG,2026-01-19T17:44:39.369358
Norman Powell,pr,Pts+Reb,UNDER,27.7,24.9,2.8000000000000007,MODERATE,2026-01-19T17:44:39.369366
Norman Powell,pa,Pts+Ast,UNDER,27.1,23.5,3.6000000000000014,STRONG,2026-01-19T17:44:39.369372
Ochai Agbaji,pts,Points,OVER,5.5,9.4,3.9000000000000004,STRONG,2026-01-19T17:44:39.369481
Ochai Agbaji,pra,Pts+Reb+Ast,OVER,8.9,11.9,3.0,STRONG,2026-01-19T17:44:39.369498
Ochai Agbaji,pr,Pts+Reb,OVER,8.1,11.7,3.5999999999999996,STRONG,2026-01-19T17:44:39.369504
Ochai Agbaji,pa,Pts+Ast,OVER,6.3,8.9,2.6000000000000005,MODERATE,2026-01-19T17:44:39.369510
Onyeka Okongwu,pts,Points,UNDER,17.4,14.0,3.3999999999999986,STRONG,2026-01-19T17:44:39.369616
Onyeka Okongwu,pra,Pts+Reb+Ast,UNDER,30.3,23.7,6.600000000000001,STRONG,2026-01-19T17:44:39.369632
Onyeka Okongwu,pr,Pts+Reb,UNDER,26.1,21.2,4.900000000000002,STRONG,2026-01-19T17:44:39.369638
Onyeka Okongwu,pa,Pts+Ast,UNDER,21.6,17.1,4.5,STRONG,2026-01-19T17:44:39.369644
Ousmane Dieng,pts,Points,UNDER,6.0,3.4,2.6,MODERATE,2026-01-19T17:44:39.369744
Ousmane Dieng,pra,Pts+Reb+Ast,UNDER,8.9,6.5,2.4000000000000004,MODERATE,2026-01-19T17:44:39.369760
Ousmane Dieng,pr,Pts+Reb,UNDER,7.5,4.1,3.4000000000000004,STRONG,2026-01-19T17:44:39.369766
Ousmane Dieng,pa,Pts+Ast,UNDER,7.4,4.1,3.3000000000000007,STRONG,2026-01-19T17:44:39.369772
P.J. Washington,pa,Pts+Ast,OVER,13.6,15.8,2.200000000000001,MODERATE,2026-01-19T17:44:39.369835
Paolo Banchero,pts,Points,OVER,23.0,25.6,2.6000000000000014,MODERATE,2026-01-19T17:44:39.369992
Pascal Siakam,pra,Pts+Reb+Ast,UNDER,36.3,30.8,5.4999999999999964,STRONG,2026-01-19T17:44:39.370067
Pascal Siakam,pr,Pts+Reb,UNDER,32.3,29.6,2.6999999999999957,MODERATE,2026-01-19T17:44:39.370074
Pascal Siakam,pa,Pts+Ast,UNDER,28.9,26.7,2.1999999999999993,MODERATE,2026-01-19T17:44:39.370080
Pat Spencer,pra,Pts+Reb+Ast,OVER,6.7,9.3,2.6000000000000005,MODERATE,2026-01-19T17:44:39.370192
Pat Spencer,pa,Pts+Ast,OVER,5.3,7.9,2.6000000000000005,MODERATE,2026-01-19T17:44:39.370203
Paul Reed,pts,Points,OVER,4.8,6.8,2.0,MODERATE,2026-01-19T17:44:39.370359
Paul Reed,pra,Pts+Reb+Ast,OVER,10.6,13.1,2.5,MODERATE,2026-01-19T17:44:39.370374
Paul Reed,pa,Pts+Ast,OVER,6.4,8.6,2.1999999999999993,MODERATE,2026-01-19T17:44:39.370385
Payton Pritchard,pra,Pts+Reb+Ast,UNDER,28.3,25.6,2.6999999999999993,MODERATE,2026-01-19T17:44:39.370437
Peyton Watson,pts,Points,UNDER,23.6,17.2,6.400000000000002,STRONG,2026-01-19T17:44:39.370601
Peyton Watson,pra,Pts+Reb+Ast,UNDER,33.1,24.8,8.3,STRONG,2026-01-19T17:44:39.370616
Peyton Watson,pr,Pts+Reb,UNDER,30.1,21.5,8.600000000000001,STRONG,2026-01-19T17:44:39.370623
Peyton Watson,pa,Pts+Ast,UNDER,26.6,20.0,6.600000000000001,STRONG,2026-01-19T17:44:39.370629
Quenton Jackson,pra,Pts+Reb+Ast,OVER,8.9,12.2,3.299999999999999,STRONG,2026-01-19T17:44:39.370798
Quenton Jackson,pr,Pts+Reb,OVER,7.5,10.3,2.8000000000000007,MODERATE,2026-01-19T17:44:39.370805
RJ Barrett,pts,Points,UNDER,20.3,16.9,3.400000000000002,STRONG,2026-01-19T17:44:39.370908
RJ Barrett,pra,Pts+Reb+Ast,UNDER,28.4,25.5,2.8999999999999986,MODERATE,2026-01-19T17:44:39.370924
RJ Barrett,pr,Pts+Reb,UNDER,25.5,20.9,4.600000000000001,STRONG,2026-01-19T17:44:39.370930
RJ Barrett,pa,Pts+Ast,UNDER,23.2,19.9,3.3000000000000007,STRONG,2026-01-19T17:44:39.370936
Rayan Rupert,pra,Pts+Reb+Ast,OVER,7.8,10.3,2.500000000000001,MODERATE,2026-01-19T17:44:39.371108
Rayan Rupert,pr,Pts+Reb,OVER,6.4,8.6,2.1999999999999993,MODERATE,2026-01-19T17:44:39.371115
Rob Dillingham,pra,Pts+Reb+Ast,UNDER,6.4,3.8,2.6000000000000005,MODERATE,2026-01-19T17:44:39.371231
Ronald Holland II,pa,Pts+Ast,OVER,9.8,11.8,2.0,MODERATE,2026-01-19T17:44:39.371362
Royce O'Neale,pts,Points,UNDER,11.1,8.6,2.5,MODERATE,2026-01-19T17:44:39.371401
Royce O'Neale,pra,Pts+Reb+Ast,UNDER,19.8,17.2,2.6000000000000014,MODERATE,2026-01-19T17:44:39.371416
Royce O'Neale,pr,Pts+Reb,UNDER,16.5,14.5,2.0,MODERATE,2026-01-19T17:44:39.371423
Rudy Gobert,trb,Rebounds,UNDER,12.2,10.2,2.0,MODERATE,2026-01-19T17:44:39.371481
Rudy Gobert,pra,Pts+Reb+Ast,UNDER,23.1,20.5,2.6000000000000014,MODERATE,2026-01-19T17:44:39.371492
Russell Westbrook,pra,Pts+Reb+Ast,UNDER,28.0,25.8,2.1999999999999993,MODERATE,2026-01-19T17:44:39.371615
Ryan Kalkbrenner,pr,Pts+Reb,OVER,12.8,15.5,2.6999999999999993,MODERATE,2026-01-19T17:44:39.371741
Ryan Nembhard,pts,Points,OVER,6.6,8.9,2.3000000000000007,MODERATE,2026-01-19T17:44:39.371784
Ryan Nembhard,pr,Pts+Reb,OVER,8.7,11.4,2.700000000000001,MODERATE,2026-01-19T17:44:39.371804
Saddiq Bey,pra,Pts+Reb+Ast,UNDER,23.3,20.5,2.8000000000000007,MODERATE,2026-01-19T17:44:39.371921
Sam Hauser,pts,Points,UNDER,11.3,9.2,2.1000000000000014,MODERATE,2026-01-19T17:44:39.371968
Sam Hauser,pra,Pts+Reb+Ast,UNDER,16.1,14.1,2.0000000000000018,MODERATE,2026-01-19T17:44:39.371983
Sam Hauser,pr,Pts+Reb,UNDER,15.1,12.0,3.0999999999999996,STRONG,2026-01-19T17:44:39.371990
Sam Merrill,pts,Points,UNDER,15.7,11.3,4.399999999999999,STRONG,2026-01-19T17:44:39.372032
Sam Merrill,pra,Pts+Reb+Ast,UNDER,20.9,15.2,5.699999999999999,STRONG,2026-01-19T17:44:39.372047
Sam Merrill,pr,Pts+Reb,UNDER,18.5,14.8,3.6999999999999993,STRONG,2026-01-19T17:44:39.372054
Sam Merrill,pa,Pts+Ast,UNDER,18.1,13.1,5.000000000000002,STRONG,2026-01-19T17:44:39.372060
Scottie Barnes,pra,Pts+Reb+Ast,UNDER,36.7,30.7,6.0000000000000036,STRONG,2026-01-19T17:44:39.372231
Scottie Barnes,pr,Pts+Reb,UNDER,30.1,27.5,2.6000000000000014,MODERATE,2026-01-19T17:44:39.372239
Scottie Barnes,pa,Pts+Ast,UNDER,27.3,22.9,4.400000000000002,STRONG,2026-01-19T17:44:39.372245
Shaedon Sharpe,pra,Pts+Reb+Ast,UNDER,28.2,25.8,2.3999999999999986,MODERATE,2026-01-19T17:44:39.372297
Shaedon Sharpe,pr,Pts+Reb,UNDER,24.8,21.9,2.900000000000002,MODERATE,2026-01-19T17:44:39.372303
Shai Gilgeous-Alexander,pts,Points,UNDER,31.3,28.5,2.8000000000000007,MODERATE,2026-01-19T17:44:39.372346
Shai Gilgeous-Alexander,pa,Pts+Ast,UNDER,37.0,32.6,4.399999999999999,STRONG,2026-01-19T17:44:39.372371
Simone Fontecchio,pts,Points,OVER,3.5,5.6,2.0999999999999996,MODERATE,2026-01-19T17:44:39.372468
Simone Fontecchio,pra,Pts+Reb+Ast,OVER,5.7,8.0,2.3,MODERATE,2026-01-19T17:44:39.372484
Simone Fontecchio,pr,Pts+Reb,OVER,5.4,7.7,2.3,MODERATE,2026-01-19T17:44:39.372491
Stephen Curry,pra,Pts+Reb+Ast,OVER,36.6,41.0,4.399999999999999,STRONG,2026-01-19T17:44:39.372664
Stephen Curry,pr,Pts+Reb,OVER,30.2,32.7,2.5000000000000036,MODERATE,2026-01-19T17:44:39.372671
Stephon Castle,pts,Points,OVER,13.7,18.6,4.900000000000002,STRONG,2026-01-19T17:44:39.372713
Stephon Castle,pra,Pts+Reb+Ast,OVER,25.6,28.9,3.299999999999997,STRONG,2026-01-19T17:44:39.372729
Stephon Castle,pr,Pts+Reb,OVER,18.7,20.9,2.1999999999999993,MODERATE,2026-01-19T17:44:39.372735
Stephon Castle,pa,Pts+Ast,OVER,20.6,24.4,3.799999999999997,STRONG,2026-01-19T17:44:39.372741
Svi Mykhailiuk,pra,Pts+Reb+Ast,UNDER,13.9,11.6,2.3000000000000007,MODERATE,2026-01-19T17:44:39.372853
T.J. McConnell,pts,Points,UNDER,10.2,7.4,2.799999999999999,MODERATE,2026-01-19T17:44:39.372901
T.J. McConnell,pra,Pts+Reb+Ast,UNDER,17.3,14.4,2.9000000000000004,MODERATE,2026-01-19T17:44:39.372917
T.J. McConnell,pr,Pts+Reb,UNDER,11.8,9.3,2.5,MODERATE,2026-01-19T17:44:39.372923
T.J. McConnell,pa,Pts+Ast,UNDER,15.7,10.9,4.799999999999999,STRONG,2026-01-19T17:44:39.372929
Taelon Peter,pr,Pts+Reb,OVER,1.7,4.4,2.7,MODERATE,2026-01-19T17:44:39.372988
Tari Eason,pra,Pts+Reb+Ast,OVER,20.7,23.1,2.400000000000002,MODERATE,2026-01-19T17:44:39.373045
Tari Eason,pa,Pts+Ast,OVER,13.7,15.8,2.1000000000000014,MODERATE,2026-01-19T17:44:39.373061
Thomas Bryant,pts,Points,UNDER,7.0,3.1,3.9,STRONG,2026-01-19T17:44:39.373357
Thomas Bryant,pra,Pts+Reb+Ast,UNDER,10.9,6.0,4.9,STRONG,2026-01-19T17:44:39.373373
Thomas Bryant,pr,Pts+Reb,UNDER,10.1,5.8,4.3,STRONG,2026-01-19T17:44:39.373379
Thomas Bryant,pa,Pts+Ast,UNDER,7.8,3.7,4.1,STRONG,2026-01-19T17:44:39.373385
Tim Hardaway Jr.,pts,Points,UNDER,17.5,14.9,2.5999999999999996,MODERATE,2026-01-19T17:44:39.373500
Tim Hardaway Jr.,pa,Pts+Ast,UNDER,18.8,16.5,2.3000000000000007,MODERATE,2026-01-19T17:44:39.373535
Tony Bradley,pts,Points,OVER,2.2,5.9,3.7,STRONG,2026-01-19T17:44:39.373637
Tony Bradley,pra,Pts+Reb+Ast,OVER,6.0,10.2,4.199999999999999,STRONG,2026-01-19T17:44:39.373654
Tony Bradley,pr,Pts+Reb,OVER,5.5,9.8,4.300000000000001,STRONG,2026-01-19T17:44:39.373660
Tony Bradley,pa,Pts+Ast,OVER,2.7,5.9,3.2,STRONG,2026-01-19T17:44:39.373666
Toumani Camara,pts,Points,UNDER,13.1,10.7,2.4000000000000004,MODERATE,2026-01-19T17:44:39.373706
Toumani Camara,pa,Pts+Ast,UNDER,15.4,12.6,2.8000000000000007,MODERATE,2026-01-19T17:44:39.373730
Trae Young,pts,Points,OVER,20.4,22.4,2.0,MODERATE,2026-01-19T17:44:39.373769
Trae Young,pr,Pts+Reb,OVER,22.1,24.1,2.0,MODERATE,2026-01-19T17:44:39.373789
Trae Young,pa,Pts+Ast,UNDER,29.2,27.0,2.1999999999999993,MODERATE,2026-01-19T17:44:39.373795
Trayce Jackson-Davis,pra,Pts+Reb+Ast,UNDER,8.8,5.7,3.1000000000000005,STRONG,2026-01-19T17:44:39.373847
Trayce Jackson-Davis,pr,Pts+Reb,UNDER,8.3,5.3,3.000000000000001,STRONG,2026-01-19T17:44:39.373854
Trayce Jackson-Davis,pa,Pts+Ast,UNDER,5.2,2.4,2.8000000000000003,MODERATE,2026-01-19T17:44:39.373861
Tre Mann,pra,Pts+Reb+Ast,OVER,8.3,10.9,2.5999999999999996,MODERATE,2026-01-19T17:44:39.374034
Trey Murphy III,pts,Points,UNDER,27.2,20.9,6.300000000000001,STRONG,2026-01-19T17:44:39.374140
Trey Murphy III,pra,Pts+Reb+Ast,UNDER,37.4,27.2,10.2,STRONG,2026-01-19T17:44:39.374156
Trey Murphy III,pr,Pts+Reb,UNDER,33.6,25.0,8.600000000000001,STRONG,2026-01-19T17:44:39.374162
Trey Murphy III,pa,Pts+Ast,UNDER,31.0,22.5,8.5,STRONG,2026-01-19T17:44:39.374168
Tristan da Silva,pr,Pts+Reb,UNDER,12.7,10.6,2.0999999999999996,MODERATE,2026-01-19T17:44:39.374284
Tyler Kolek,pr,Pts+Reb,OVER,7.0,9.2,2.1999999999999993,MODERATE,2026-01-19T17:44:39.374415
Tyrese Maxey,pra,Pts+Reb+Ast,OVER,39.5,41.8,2.299999999999997,MODERATE,2026-01-19T17:44:39.374530
Tyus Jones,pts,Points,OVER,2.7,5.0,2.3,MODERATE,2026-01-19T17:44:39.374640
Tyus Jones,pra,Pts+Reb+Ast,OVER,6.4,9.4,3.0,STRONG,2026-01-19T17:44:39.374656
Tyus Jones,pr,Pts+Reb,OVER,3.8,6.8,3.0,STRONG,2026-01-19T17:44:39.374662
Tyus Jones,pa,Pts+Ast,OVER,5.3,8.6,3.3,STRONG,2026-01-19T17:44:39.374668
Victor Wembanyama,pts,Points,UNDER,26.3,22.6,3.6999999999999993,STRONG,2026-01-19T17:44:39.374812
Victor Wembanyama,pra,Pts+Reb+Ast,UNDER,37.4,34.5,2.8999999999999986,MODERATE,2026-01-19T17:44:39.374829
Victor Wembanyama,pr,Pts+Reb,UNDER,35.5,29.2,6.300000000000001,STRONG,2026-01-19T17:44:39.374835
Victor Wembanyama,pa,Pts+Ast,UNDER,28.2,25.4,2.8000000000000007,MODERATE,2026-01-19T17:44:39.374841
Vince Williams Jr.,pr,Pts+Reb,OVER,10.9,12.9,2.0,MODERATE,2026-01-19T17:44:39.374902
Walter Clayton Jr.,pra,Pts+Reb+Ast,UNDER,15.5,13.3,2.1999999999999993,MODERATE,2026-01-19T17:44:39.375022
Walter Clayton Jr.,pa,Pts+Ast,UNDER,13.4,11.4,2.0,MODERATE,2026-01-19T17:44:39.375035
Wendell Carter Jr.,pra,Pts+Reb+Ast,OVER,23.0,25.4,2.3999999999999986,MODERATE,2026-01-19T17:44:39.375089
Wendell Carter Jr.,pr,Pts+Reb,OVER,20.5,23.8,3.3000000000000007,STRONG,2026-01-19T17:44:39.375095
Wendell Carter Jr.,pa,Pts+Ast,OVER,14.9,17.1,2.200000000000001,MODERATE,2026-01-19T17:44:39.375101
Will Richard,pra,Pts+Reb+Ast,OVER,7.6,10.3,2.700000000000001,MODERATE,2026-01-19T17:44:39.375158
Yanic Konan Niederhäuser,pr,Pts+Reb,OVER,7.4,10.0,2.5999999999999996,MODERATE,2026-01-19T17:44:39.375403
Yves Missi,pts,Points,OVER,5.9,9.4,3.5,STRONG,2026-01-19T17:44:39.375453
Yves Missi,pra,Pts+Reb+Ast,OVER,13.2,15.3,2.1000000000000014,MODERATE,2026-01-19T17:44:39.375469
Yves Missi,pr,Pts+Reb,OVER,11.9,15.2,3.299999999999999,STRONG,2026-01-19T17:44:39.375475
Yves Missi,pa,Pts+Ast,OVER,7.2,9.4,2.2,MODERATE,2026-01-19T17:44:39.375482
Zach Edey,pra,Pts+Reb+Ast,OVER,25.9,29.5,3.6000000000000014,STRONG,2026-01-19T17:44:39.375656
Zach Edey,pa,Pts+Ast,OVER,14.7,17.1,2.400000000000002,MODERATE,2026-01-19T17:44:39.375667
Zach LaVine,pts,Points,UNDER,20.1,17.0,3.1000000000000014,STRONG,2026-01-19T17:44:39.375706
Zach LaVine,pra,Pts+Reb+Ast,UNDER,25.3,21.8,3.5,STRONG,2026-01-19T17:44:39.375721
Zach LaVine,pr,Pts+Reb,UNDER,23.2,20.7,2.5,MODERATE,2026-01-19T17:44:39.375727
Zach LaVine,pa,Pts+Ast,UNDER,22.2,18.1,4.099999999999998,STRONG,2026-01-19T17:44:39.375733
Zeke Nnaji,pra,Pts+Reb+Ast,UNDER,14.4,12.1,2.3000000000000007,MODERATE,2026-01-19T17:44:39.375791
Zeke Nnaji,pr,Pts+Reb,UNDER,13.3,10.7,2.6000000000000014,MODERATE,2026-01-19T17:44:39.375797
Zion Williamson,pra,Pts+Reb+Ast,UNDER,32.7,30.3,2.400000000000002,MODERATE,2026-01-19T17:44:39.375915
Zion Williamson,pa,Pts+Ast,UNDER,26.9,23.4,3.5,STRONG,2026-01-19T17:44:39.375927
