player,pts_pred,pts_line,pts_edge,trb_pred,trb_line,trb_edge,ast_pred,ast_line,ast_edge,pra_pred,pra_line,pra_edge,pr_pred,pr_line,pr_edge,pa_pred,pa_line,pa_edge,stl_pred,stl_line,stl_edge,blk_pred,blk_line,blk_edge,tov_pred,tov_line,tov_edge
AJ Green,9.9,8.4,1.5,2.6,2.1,0.5,2.3,2.0,0.3,14.3,12.5,1.8,12.0,10.5,1.5,11.7,10.4,1.3,0.8,0.7,0.1,0.3,0.0,0.3,1.1,0.6,0.5
AJ Johnson,3.2,2.8,0.4,1.6,1.6,0.0,0.7,0.9,-0.2,4.4,5.3,-0.9,4.2,4.4,-0.2,4.3,3.7,0.6,0.1,0.4,-0.3,0.2,0.0,0.2,0.6,0.8,-0.2
Aaron Gordon,18.8,17.3,1.5,6.4,6.7,-0.3,2.2,1.8,0.4,26.5,25.8,0.7,23.7,24.0,-0.3,19.1,19.1,0.0,0.6,0.5,0.1,0.4,0.3,0.1,1.2,0.7,0.5
Aaron Holiday,3.2,1.5,1.7,0.7,0.7,0.0,0.9,0.9,-0.0,6.2,3.1,3.1,4.1,2.2,1.9,4.1,2.4,1.7,0.4,0.5,-0.1,0.1,0.1,0.0,0.5,0.5,0.0
Aaron Nesmith,14.7,12.0,2.7,5.1,5.7,-0.6,1.9,2.7,-0.8,22.3,20.4,1.9,20.0,17.7,2.3,17.4,14.7,2.7,0.7,0.6,0.1,0.6,0.9,-0.3,1.5,1.9,-0.4
Aaron Wiggins,8.6,9.5,-0.9,3.1,4.1,-1.0,1.6,1.6,-0.0,14.1,15.2,-1.1,12.3,13.6,-1.3,10.4,11.1,-0.7,0.8,1.0,-0.2,0.5,0.9,-0.4,0.9,0.9,-0.0
Ace Bailey,12.1,10.9,1.2,3.4,3.7,-0.3,1.8,1.2,0.6,16.3,15.8,0.5,15.2,14.6,0.6,14.0,12.1,1.9,0.7,0.6,0.1,0.7,0.4,0.3,1.3,0.9,0.4
Adem Bona,5.0,4.5,0.5,4.7,4.0,0.7,0.8,0.5,0.3,8.7,9.0,-0.3,9.7,8.5,1.2,5.2,5.0,0.2,0.4,0.3,0.1,0.8,1.0,-0.2,0.6,0.6,0.0
Adou Thiero,2.3,1.4,0.9,1.5,1.4,0.1,0.4,0.4,0.0,5.0,3.2,1.8,3.5,2.8,0.7,2.4,1.8,0.6,0.2,0.4,-0.2,0.3,0.0,0.3,0.5,0.4,0.1
Ajay Mitchell,13.5,15.0,-1.5,3.7,3.7,-0.0,3.3,3.5,-0.2,19.3,22.2,-2.9,15.7,18.7,-3.0,15.9,18.5,-2.6,1.1,1.2,-0.1,0.6,0.4,0.2,1.1,1.8,-0.7
Al Horford,7.3,8.0,-0.7,4.7,5.4,-0.7,1.7,2.1,-0.4,13.9,15.5,-1.6,12.1,13.4,-1.3,9.7,10.1,-0.4,0.8,0.5,0.3,1.0,1.1,-0.1,1.0,0.6,0.4
Alex Caruso,6.6,6.9,-0.3,3.2,2.6,0.6,1.7,1.9,-0.2,10.9,11.4,-0.5,9.7,9.5,0.2,7.9,8.8,-0.9,0.8,0.9,-0.1,0.5,0.4,0.1,0.7,0.5,0.2
Alex Sarr,13.7,15.6,-1.9,4.8,6.2,-1.4,2.3,2.4,-0.1,20.6,24.2,-3.6,19.9,21.8,-1.9,15.9,18.0,-2.1,0.8,0.5,0.3,1.8,2.1,-0.3,1.7,2.1,-0.4
Alperen Sengun,22.7,17.0,5.7,8.0,8.5,-0.5,6.2,4.7,1.5,36.0,30.2,5.8,30.3,25.5,4.8,24.6,21.7,2.9,1.3,1.1,0.2,0.8,0.9,-0.1,3.1,3.2,-0.1
Amen Thompson,18.0,20.9,-2.9,8.4,8.6,-0.2,5.6,4.4,1.2,34.9,33.9,1.0,28.4,29.5,-1.1,24.1,25.3,-1.2,1.2,1.3,-0.1,0.6,0.5,0.1,2.6,2.5,0.1
Amir Coffey,2.1,2.1,0.0,1.0,0.3,0.7,0.2,0.1,0.1,3.5,2.5,1.0,4.1,2.4,1.7,3.0,2.2,0.8,0.1,0.2,-0.1,0.0,0.1,-0.1,0.2,0.2,-0.0
Andre Drummond,5.2,6.3,-1.1,8.2,7.5,0.7,0.8,0.8,-0.0,11.1,14.6,-3.5,10.5,13.8,-3.3,5.8,7.1,-1.3,0.6,0.4,0.2,0.7,0.7,0.0,0.9,0.7,0.2
Andre Jackson Jr.,1.8,2.4,-0.6,0.9,1.1,-0.2,0.4,1.2,-0.8,3.6,4.7,-1.1,3.3,3.5,-0.2,2.1,3.6,-1.5,0.2,0.3,-0.1,0.1,0.1,-0.0,0.2,0.5,-0.3
Andrew Nembhard,18.2,17.3,0.9,2.6,3.4,-0.8,6.5,8.5,-2.0,27.2,29.2,-2.0,20.7,20.7,0.0,26.8,25.8,1.0,1.0,1.3,-0.3,0.1,0.2,-0.1,2.7,2.1,0.6
Andrew Wiggins,13.6,15.4,-1.8,4.9,5.2,-0.3,2.5,2.7,-0.2,22.4,23.3,-0.9,18.8,20.6,-1.8,16.8,18.1,-1.3,1.1,1.6,-0.5,1.2,1.1,0.1,1.5,1.8,-0.3
Anfernee Simons,14.9,17.9,-3.0,2.6,3.1,-0.5,2.9,3.4,-0.5,18.5,24.4,-5.9,16.6,21.0,-4.4,14.7,21.3,-6.6,0.7,0.4,0.3,0.3,0.0,0.3,1.2,1.3,-0.1
Anthony Black,20.4,20.4,-0.0,6.3,4.1,2.2,5.8,5.8,0.0,33.4,30.3,3.1,26.2,24.5,1.7,25.4,26.2,-0.8,1.0,1.4,-0.4,1.1,0.7,0.4,2.9,3.0,-0.1
Anthony Davis,23.1,21.9,1.2,11.8,11.6,0.2,3.7,2.2,1.5,42.2,35.7,6.5,37.0,33.5,3.5,29.4,24.1,5.3,0.6,1.1,-0.5,2.1,1.7,0.4,2.6,2.2,0.4
Anthony Edwards,24.9,29.2,-4.3,5.7,4.8,0.9,3.9,3.7,0.2,37.8,37.7,0.1,34.7,34.0,0.7,29.3,32.9,-3.6,1.1,1.3,-0.2,0.7,0.8,-0.1,3.4,2.5,0.9
Anthony Gill,1.7,1.2,0.5,0.9,0.8,0.1,0.5,0.0,0.5,2.7,2.0,0.7,3.1,2.0,1.1,1.8,1.2,0.6,0.4,0.1,0.3,0.0,0.1,-0.1,0.2,0.1,0.1
Ariel Hukporti,2.3,2.4,-0.1,2.5,3.2,-0.7,1.2,0.9,0.3,7.5,6.5,1.0,6.9,5.6,1.3,4.7,3.3,1.4,0.2,0.3,-0.1,0.7,0.7,0.0,0.6,0.5,0.1
Asa Newell,3.4,4.9,-1.5,1.9,2.1,-0.2,0.6,0.7,-0.1,6.0,7.7,-1.7,5.4,7.0,-1.6,4.4,5.6,-1.2,0.2,0.3,-0.1,0.3,0.3,0.0,0.4,0.4,0.0
Ausar Thompson,9.5,9.2,0.3,6.2,5.4,0.8,2.3,2.2,0.1,20.7,16.8,3.9,15.8,14.6,1.2,12.8,11.4,1.4,1.0,1.3,-0.3,0.9,1.0,-0.1,1.5,1.6,-0.1
Austin Reaves,22.8,26.3,-3.5,4.5,5.8,-1.3,4.5,5.2,-0.7,33.0,37.3,-4.3,27.9,32.1,-4.2,27.1,31.5,-4.4,1.0,0.6,0.4,0.3,0.3,-0.0,2.9,3.2,-0.3
Ayo Dosunmu,12.0,15.4,-3.4,2.8,3.2,-0.4,3.9,5.0,-1.1,18.9,23.6,-4.7,14.5,18.6,-4.1,16.1,20.4,-4.3,0.7,1.0,-0.3,0.2,0.3,-0.1,1.2,1.1,0.1
Bam Adebayo,16.0,13.8,2.2,10.5,9.8,0.7,2.4,3.5,-1.1,26.9,27.1,-0.2,27.0,23.6,3.4,19.0,17.3,1.7,0.9,0.9,-0.0,0.9,0.5,0.4,1.9,1.6,0.3
Baylor Scheierman,3.7,2.2,1.5,2.3,1.6,0.7,1.0,0.3,0.7,8.0,4.1,3.9,5.7,3.8,1.9,5.1,2.5,2.6,0.6,0.4,0.2,0.3,0.0,0.3,0.6,0.3,0.3
Ben Saraf,6.4,5.0,1.4,2.2,1.1,1.1,3.0,2.6,0.4,11.9,8.7,3.2,8.8,6.1,2.7,9.8,7.6,2.2,0.7,0.8,-0.1,0.2,0.3,-0.1,1.4,2.2,-0.8
Ben Sheppard,7.2,7.0,0.2,2.8,2.7,0.1,1.5,1.6,-0.1,10.1,11.3,-1.2,9.5,9.7,-0.2,7.7,8.6,-0.9,0.5,0.6,-0.1,0.1,0.0,0.1,0.7,0.3,0.4
Bennedict Mathurin,17.0,14.6,2.4,5.1,5.4,-0.3,2.4,1.9,0.5,23.4,21.9,1.5,21.2,20.0,1.2,17.7,16.5,1.2,0.8,0.6,0.2,0.3,0.2,0.1,1.8,1.8,0.0
Bilal Coulibaly,12.1,12.7,-0.6,5.0,5.8,-0.8,2.5,2.3,0.2,19.6,20.8,-1.2,16.8,18.5,-1.7,14.6,15.0,-0.4,1.3,2.0,-0.7,0.8,1.0,-0.2,1.4,1.4,-0.0
Bismack Biyombo,1.7,0.9,0.8,1.5,0.7,0.8,0.2,0.3,-0.1,3.6,1.9,1.7,2.4,1.6,0.8,2.8,1.2,1.6,0.2,0.3,-0.1,0.4,0.1,0.3,0.3,0.3,-0.0
Bobby Portis,13.7,14.2,-0.5,7.3,6.8,0.5,1.4,1.3,0.1,20.4,22.3,-1.9,19.5,21.0,-1.5,15.2,15.5,-0.3,0.7,0.5,0.2,0.5,0.3,0.2,1.0,0.7,0.3
Bogdan Bogdanović,7.9,9.2,-1.3,2.4,3.0,-0.6,2.3,2.7,-0.4,12.7,14.9,-2.2,10.8,12.2,-1.4,9.9,11.9,-2.0,0.6,0.6,0.0,0.1,0.0,0.1,1.0,1.0,0.0
Bones Hyland,8.7,7.8,0.9,2.1,1.2,0.9,2.6,3.5,-0.9,12.2,12.5,-0.3,10.1,9.0,1.1,11.0,11.3,-0.3,0.6,0.4,0.2,0.2,0.2,0.0,1.1,0.7,0.4
Branden Carlson,4.8,5.0,-0.2,3.3,3.1,0.2,0.9,0.5,0.4,8.5,8.6,-0.1,7.7,8.1,-0.4,5.7,5.5,0.2,0.3,0.4,-0.1,0.5,0.4,0.1,0.6,0.4,0.2
Brandin Podziemski,9.4,10.3,-0.9,2.9,3.9,-1.0,3.1,2.7,0.4,14.3,16.9,-2.6,14.0,14.2,-0.2,12.1,13.0,-0.9,0.7,1.0,-0.3,0.3,0.1,0.2,1.0,0.8,0.2
Brandon Ingram,23.1,22.2,0.9,6.7,6.8,-0.1,3.5,3.2,0.3,36.8,32.2,4.6,32.9,29.0,3.9,27.5,25.4,2.1,0.7,0.5,0.2,1.3,1.2,0.1,2.5,1.9,0.6
Brandon Miller,18.6,22.4,-3.8,5.3,5.1,0.2,3.5,3.8,-0.3,26.3,31.3,-5.0,24.5,27.5,-3.0,22.1,26.2,-4.1,0.8,1.0,-0.2,0.8,0.9,-0.1,2.6,2.9,-0.3
Brandon Williams,10.9,16.6,-5.7,3.1,3.8,-0.7,3.3,2.9,0.4,17.2,23.3,-6.1,15.3,20.4,-5.1,13.1,19.5,-6.4,0.8,0.8,0.0,0.4,0.2,0.2,1.6,2.0,-0.4
Brice Sensabaugh,15.8,17.5,-1.7,2.7,3.8,-1.1,2.3,2.0,0.3,18.5,23.3,-4.8,17.9,21.3,-3.4,14.8,19.5,-4.7,0.7,0.9,-0.2,0.4,0.0,0.4,1.7,2.3,-0.6
Bronny James,1.6,0.9,0.7,1.0,0.1,0.9,0.5,0.5,0.0,2.9,1.5,1.4,2.5,1.0,1.5,2.3,1.4,0.9,0.3,0.0,0.3,0.1,0.0,0.1,0.2,0.1,0.1
Brook Lopez,6.6,4.9,1.7,2.9,2.9,-0.0,1.0,1.2,-0.2,11.1,9.0,2.1,9.9,7.8,2.1,8.4,6.1,2.3,0.6,0.6,0.0,0.9,0.8,0.1,0.5,0.4,0.1
Brooks Barnhizer,2.5,1.7,0.8,1.4,1.8,-0.4,0.5,0.7,-0.2,4.4,4.2,0.2,3.9,3.5,0.4,2.6,2.4,0.2,0.2,0.1,0.1,0.1,0.1,-0.0,0.4,0.2,0.2
Bruce Brown,7.2,5.6,1.6,3.7,4.2,-0.5,2.3,2.4,-0.1,13.9,12.2,1.7,11.7,9.8,1.9,8.8,8.0,0.8,0.7,0.9,-0.2,0.3,0.1,0.2,1.0,1.1,-0.1
Bryce McGowens,8.4,6.7,1.7,2.3,1.9,0.4,1.4,1.2,0.2,11.8,9.8,2.0,9.9,8.6,1.3,10.8,7.9,2.9,0.7,0.9,-0.2,0.2,0.0,0.2,0.8,1.0,-0.2
Bub Carrington,12.4,10.6,1.8,3.7,3.8,-0.1,5.3,5.4,-0.1,20.1,19.8,0.3,16.3,14.4,1.9,17.5,16.0,1.5,0.7,0.8,-0.1,0.4,0.4,0.0,2.0,2.4,-0.4
Buddy Hield,4.6,5.1,-0.5,1.4,1.9,-0.5,0.7,0.7,0.0,5.7,7.7,-2.0,5.3,7.0,-1.7,6.3,5.8,0.5,0.5,0.5,-0.0,0.2,0.1,0.1,0.4,1.0,-0.6
CJ McCollum,19.2,18.3,0.9,4.1,3.7,0.4,3.8,3.8,0.0,25.9,25.8,0.1,24.2,22.0,2.2,22.7,22.1,0.6,0.7,0.6,0.1,0.5,0.5,-0.0,1.9,2.1,-0.2
Cade Cunningham,29.8,23.9,5.9,7.6,5.9,1.7,8.3,11.2,-2.9,46.2,41.0,5.2,38.9,29.8,9.1,37.7,35.1,2.6,0.9,1.7,-0.8,0.9,0.8,0.1,2.6,4.6,-2.0
Caleb Houstan,1.7,2.2,-0.5,1.2,0.6,0.7,0.6,0.2,0.4,3.4,3.0,0.4,2.6,2.8,-0.1,2.5,2.4,0.0,0.2,0.1,0.0,0.1,0.1,-0.1,0.2,0.4,-0.3
Caleb Love,12.8,16.2,-3.4,2.7,3.7,-1.0,3.1,3.9,-0.8,21.3,23.8,-2.5,16.3,19.9,-3.6,16.3,20.1,-3.8,0.8,1.1,-0.3,0.4,0.1,0.3,1.4,2.1,-0.7
Caleb Martin,5.4,4.8,0.6,3.2,2.8,0.4,2.1,2.2,-0.1,10.4,9.8,0.6,9.9,7.6,2.3,7.4,7.0,0.4,0.7,0.8,-0.1,0.5,0.0,0.5,0.9,0.9,0.0
Cam Christie,5.5,2.0,3.5,2.8,0.9,1.9,1.1,0.4,0.7,10.9,3.3,7.6,9.3,2.9,6.4,6.4,2.4,4.0,0.3,0.0,0.3,0.2,0.0,0.2,0.6,0.2,0.4
Cam Spencer,11.5,10.5,1.0,2.7,3.9,-1.2,6.9,7.9,-1.0,21.3,22.3,-1.0,15.1,14.4,0.7,17.6,18.4,-0.8,0.8,0.7,0.1,0.4,0.0,0.4,2.7,1.8,0.9
Cam Thomas,18.5,13.7,4.8,2.2,1.8,0.4,2.3,2.6,-0.3,23.2,18.1,5.1,19.5,15.5,4.0,21.0,16.3,4.7,0.6,0.0,0.6,0.2,0.1,0.1,2.2,1.7,0.5
Cam Whitmore,7.8,11.0,-3.2,2.6,3.5,-0.9,1.0,0.8,0.2,12.0,15.3,-3.3,10.1,14.5,-4.4,9.5,11.8,-2.3,0.6,0.6,0.0,0.4,0.5,-0.1,0.8,0.8,0.0
Cameron Johnson,13.7,13.2,0.5,3.9,4.0,-0.1,2.8,2.8,0.0,19.3,20.0,-0.7,17.8,17.2,0.6,15.4,16.0,-0.6,0.8,0.6,0.2,0.4,0.4,-0.0,1.0,0.9,0.1
Caris LeVert,6.2,5.6,0.6,2.1,2.1,0.0,2.4,2.4,-0.0,11.8,10.1,1.7,8.6,7.7,0.9,8.9,8.0,0.9,0.9,1.3,-0.4,0.5,0.9,-0.4,1.1,1.4,-0.3
Carter Bryant,4.0,1.1,2.9,1.6,1.7,-0.1,0.8,0.2,0.6,6.7,3.0,3.7,4.7,2.8,1.9,4.2,1.3,2.9,0.1,0.1,0.0,0.2,0.0,0.2,0.2,0.2,0.0
Cason Wallace,6.4,5.9,0.5,2.9,3.4,-0.5,1.5,1.7,-0.2,10.7,11.0,-0.3,10.1,9.3,0.8,8.3,7.6,0.7,1.0,1.7,-0.7,0.3,0.2,0.1,0.6,1.0,-0.4
Cedric Coward,12.1,15.6,-3.5,6.3,7.6,-1.3,2.9,3.1,-0.2,21.6,26.3,-4.7,20.6,23.2,-2.6,14.4,18.7,-4.3,0.7,0.5,0.2,0.5,0.5,-0.0,2.1,1.9,0.2
Chaz Lanier,2.4,3.4,-1.0,0.8,1.3,-0.5,0.3,0.9,-0.6,4.6,5.6,-1.0,3.7,4.7,-1.0,2.9,4.3,-1.4,0.3,0.4,-0.1,0.0,0.0,0.0,0.2,0.0,0.2
Chet Holmgren,14.4,16.3,-1.9,9.3,10.2,-0.9,1.7,1.6,0.1,22.8,28.1,-5.3,23.2,26.5,-3.3,17.1,17.9,-0.8,0.6,0.8,-0.2,2.2,3.3,-1.1,1.3,1.3,0.0
Chris Paul,5.9,2.6,3.3,1.6,2.1,-0.5,2.3,3.0,-0.7,10.3,7.7,2.6,6.8,4.7,2.1,8.0,5.6,2.4,0.6,0.4,0.2,0.2,0.0,0.2,0.9,1.1,-0.2
Chris Youngblood,1.0,1.8,-0.8,0.9,0.8,0.1,0.3,0.3,0.0,2.6,2.9,-0.3,2.0,2.6,-0.6,2.8,2.1,0.7,0.1,0.2,-0.1,0.0,0.1,-0.1,0.2,0.0,0.2
Christian Braun,10.0,10.0,0.0,3.9,4.5,-0.6,2.2,2.8,-0.6,15.3,17.3,-2.0,13.9,14.5,-0.6,12.1,12.8,-0.7,1.0,0.5,0.5,0.4,0.5,-0.1,1.0,1.2,-0.2
Christian Koloko,5.7,2.7,3.0,4.3,3.7,0.6,0.8,0.9,-0.1,10.4,7.3,3.1,9.3,6.4,2.9,6.6,3.6,3.0,0.8,1.0,-0.2,1.2,1.2,0.0,0.7,0.6,0.1
Clint Capela,5.1,3.4,1.7,5.5,4.3,1.2,0.8,0.8,-0.0,11.9,8.5,3.4,9.2,7.7,1.5,5.5,4.2,1.3,0.8,0.8,0.0,1.0,0.6,0.4,0.6,0.5,0.1
Coby White,18.0,13.7,4.3,3.8,3.8,-0.0,4.1,4.4,-0.3,25.8,21.9,3.9,19.2,17.5,1.7,21.8,18.1,3.7,0.7,0.6,0.1,0.3,0.1,0.2,2.7,3.4,-0.7
Cody Williams,8.2,9.8,-1.6,2.9,3.3,-0.4,1.2,1.1,0.1,13.3,14.2,-0.9,11.8,13.1,-1.3,9.7,10.9,-1.2,0.7,0.6,0.1,0.4,0.5,-0.1,1.1,0.6,0.5
Cole Anthony,3.1,3.0,0.1,1.6,1.2,0.4,2.5,1.5,1.0,7.7,5.7,2.0,4.3,4.2,0.1,4.4,4.5,-0.1,0.3,0.5,-0.2,0.1,0.1,0.0,1.2,0.9,0.3
Collin Gillespie,11.2,12.5,-1.3,4.0,4.4,-0.4,4.2,4.0,0.2,25.2,20.9,4.3,16.4,16.9,-0.5,19.5,16.5,3.0,1.2,1.8,-0.6,0.4,0.1,0.3,1.6,1.2,0.4
Collin Murray-Boyles,8.8,9.4,-0.6,6.0,8.4,-2.4,2.6,3.2,-0.6,20.8,21.0,-0.2,17.8,17.8,-0.0,12.5,12.6,-0.1,1.0,1.4,-0.4,1.0,1.3,-0.3,1.0,1.1,-0.1
Collin Sexton,10.6,14.2,-3.6,2.7,1.9,0.8,3.3,4.1,-0.8,17.6,20.2,-2.6,14.4,16.1,-1.7,13.8,18.3,-4.5,0.6,1.0,-0.4,0.2,0.0,0.2,1.5,2.3,-0.8
Cooper Flagg,19.3,17.7,1.6,4.7,5.7,-1.0,4.3,5.3,-1.0,27.7,28.7,-1.0,22.2,23.4,-1.2,22.3,23.0,-0.7,0.9,1.4,-0.5,1.0,0.7,0.3,1.9,2.4,-0.5
Corey Kispert,8.9,11.0,-2.1,2.7,2.5,0.2,1.7,1.6,0.1,13.9,15.1,-1.2,11.9,13.5,-1.6,11.4,12.6,-1.2,0.6,0.8,-0.2,0.1,0.1,0.0,0.9,1.0,-0.1
Craig Porter Jr.,6.8,3.6,3.2,4.6,5.1,-0.5,2.6,4.6,-2.0,12.5,13.3,-0.8,11.5,8.7,2.8,9.5,8.2,1.3,1.0,0.9,0.1,0.7,0.8,-0.1,1.2,1.1,0.1
D'Angelo Russell,6.5,7.7,-1.2,2.0,1.7,0.3,3.3,2.7,0.6,11.6,12.1,-0.5,7.8,9.4,-1.6,8.3,10.4,-2.1,0.7,0.4,0.3,0.2,0.0,0.2,1.5,1.2,0.3
DaRon Holmes II,4.5,4.4,0.1,2.1,1.7,0.4,1.2,1.3,-0.1,7.2,7.4,-0.2,6.8,6.1,0.7,5.7,5.7,-0.0,0.4,0.0,0.4,0.3,0.4,-0.1,0.6,0.4,0.2
Dalen Terry,2.7,2.4,0.3,1.9,1.5,0.4,1.0,0.7,0.3,5.2,4.6,0.6,4.1,3.9,0.2,3.7,3.1,0.6,0.6,0.6,-0.0,0.2,0.4,-0.2,0.4,0.4,0.0
Dalton Knecht,4.0,3.5,0.5,1.4,1.0,0.4,0.4,0.1,0.3,4.4,4.6,-0.2,4.1,4.5,-0.4,3.5,3.6,-0.1,0.1,0.1,0.0,0.3,0.1,0.2,0.4,0.7,-0.3
Daniel Gafford,6.3,7.4,-1.1,5.7,7.0,-1.3,0.8,0.2,0.6,14.4,14.6,-0.2,13.7,14.4,-0.7,7.3,7.6,-0.3,0.6,0.8,-0.2,1.2,0.9,0.3,1.1,1.1,0.0
Daniss Jenkins,8.1,6.5,1.6,1.7,1.4,0.3,2.6,3.5,-0.9,13.2,11.4,1.8,9.5,7.9,1.6,12.6,10.0,2.6,0.6,0.8,-0.2,0.3,0.3,-0.0,1.4,1.3,0.1
Danny Wolf,7.6,7.1,0.5,4.3,4.8,-0.5,1.7,2.0,-0.3,14.2,13.9,0.3,12.6,11.9,0.7,9.0,9.1,-0.1,0.7,1.1,-0.4,0.4,0.6,-0.2,1.0,0.3,0.7
Darius Garland,17.9,19.0,-1.1,2.8,1.6,1.2,6.7,7.0,-0.3,27.3,27.6,-0.3,20.9,20.6,0.3,24.7,26.0,-1.3,0.9,0.8,0.1,0.0,0.1,-0.1,2.6,2.6,-0.0
David Jones Garcia,2.3,3.2,-0.9,1.6,1.2,0.4,1.3,1.8,-0.5,4.2,6.2,-2.0,3.9,4.4,-0.5,2.3,5.0,-2.7,0.2,0.6,-0.4,0.0,0.1,-0.1,0.4,0.5,-0.1
Davion Mitchell,8.1,6.8,1.3,2.0,2.0,-0.0,6.9,6.6,0.3,15.2,15.4,-0.2,11.7,8.8,2.9,14.8,13.4,1.4,0.9,1.1,-0.2,0.4,0.2,0.2,2.6,2.3,0.3
Day'Ron Sharpe,7.6,10.4,-2.8,6.4,8.4,-2.0,3.0,2.6,0.4,16.2,21.4,-5.2,14.2,18.8,-4.6,11.0,13.0,-2.0,0.9,1.1,-0.2,0.7,0.5,0.2,1.0,1.3,-0.3
De'Aaron Fox,17.5,18.2,-0.7,4.3,5.1,-0.8,6.8,5.9,0.9,30.0,29.2,0.8,22.8,23.3,-0.5,24.4,24.1,0.3,1.0,1.1,-0.1,0.3,0.2,0.1,2.1,2.0,0.1
De'Andre Hunter,12.1,10.8,1.3,3.6,4.6,-1.0,1.8,2.7,-0.9,18.0,18.1,-0.1,14.7,15.4,-0.7,14.3,13.5,0.8,0.8,0.5,0.3,0.4,0.2,0.2,1.1,1.7,-0.6
De'Anthony Melton,10.2,13.0,-2.8,2.7,3.5,-0.8,1.5,1.6,-0.1,15.3,18.1,-2.8,12.6,16.5,-3.9,11.5,14.6,-3.1,1.0,1.2,-0.2,0.5,0.6,-0.1,1.1,1.2,-0.1
DeMar DeRozan,17.7,20.0,-2.3,3.8,3.4,0.4,4.4,4.4,0.0,25.0,27.8,-2.8,23.0,23.4,-0.4,20.2,24.4,-4.2,1.7,1.5,0.2,0.4,0.2,0.2,1.2,1.1,0.1
Dean Wade,5.7,7.3,-1.6,3.4,4.5,-1.1,1.2,1.5,-0.3,11.2,13.3,-2.1,10.0,11.8,-1.8,8.1,8.8,-0.7,0.8,0.4,0.4,0.2,0.0,0.2,0.6,0.2,0.4
Deandre Ayton,12.5,11.3,1.2,6.9,8.6,-1.7,1.4,1.0,0.4,21.1,20.9,0.2,20.4,19.9,0.5,12.1,12.3,-0.2,0.8,0.5,0.3,1.3,1.1,0.2,1.0,0.9,0.1
Deni Avdija,20.5,27.9,-7.4,4.7,7.1,-2.4,7.1,7.9,-0.8,34.0,42.9,-8.9,28.1,35.0,-6.9,29.1,35.8,-6.7,1.3,1.3,0.0,0.4,0.6,-0.2,3.5,4.6,-1.1
Dennis Schröder,11.1,12.6,-1.5,2.9,2.2,0.7,4.7,5.0,-0.3,19.6,19.8,-0.2,14.9,14.8,0.1,15.5,17.6,-2.1,0.7,1.0,-0.3,0.2,0.1,0.1,1.9,1.7,0.2
Derik Queen,13.7,9.7,4.0,8.9,9.5,-0.6,4.0,5.3,-1.3,26.4,24.5,1.9,21.1,19.2,1.9,20.2,15.0,5.2,0.9,1.1,-0.2,1.6,1.5,0.1,2.4,2.6,-0.2
Derrick Jones Jr.,9.8,9.3,0.5,3.0,2.6,0.4,1.0,1.3,-0.3,14.1,13.2,0.9,12.1,11.9,0.2,11.6,10.6,1.0,0.7,1.0,-0.3,0.9,1.1,-0.2,0.8,0.9,-0.1
Derrick White,21.1,18.4,2.7,4.6,5.2,-0.6,5.0,5.4,-0.4,29.5,29.0,0.5,24.8,23.6,1.2,23.7,23.8,-0.1,1.2,1.3,-0.1,1.2,2.2,-1.0,2.4,1.8,0.6
Desmond Bane,21.3,19.2,2.1,4.7,4.3,0.4,4.7,4.5,0.2,30.0,28.0,2.0,25.5,23.5,2.0,25.4,23.7,1.7,1.0,0.7,0.3,0.7,0.5,0.2,1.8,2.2,-0.4
Devin Booker,23.2,24.3,-1.1,3.5,3.5,-0.0,5.9,6.3,-0.4,34.3,34.1,0.2,30.2,27.8,2.4,29.3,30.6,-1.3,0.7,0.6,0.1,0.3,0.1,0.2,2.5,2.6,-0.1
Devin Carter,3.5,3.6,-0.1,1.1,1.4,-0.3,1.0,1.3,-0.3,5.1,6.3,-1.2,4.4,5.0,-0.6,3.0,4.9,-1.9,0.3,0.5,-0.2,0.2,0.2,-0.0,0.3,0.7,-0.4
Devin Vassell,13.9,14.4,-0.5,4.2,4.6,-0.4,2.2,2.8,-0.6,20.7,21.8,-1.1,19.6,19.0,0.6,16.3,17.2,-0.9,1.0,0.7,0.3,0.5,0.6,-0.1,1.0,0.7,0.3
Dillon Brooks,19.4,20.6,-1.2,3.0,3.6,-0.6,2.1,1.8,0.3,25.8,26.0,-0.2,22.9,24.2,-1.3,21.9,22.4,-0.5,0.8,0.7,0.1,0.4,0.0,0.4,1.9,1.8,0.1
Domantas Sabonis,16.2,18.0,-1.8,10.1,11.5,-1.4,3.7,4.2,-0.5,29.0,33.7,-4.7,24.0,29.5,-5.5,20.4,22.2,-1.8,1.1,1.1,0.0,0.5,0.3,0.2,2.3,2.8,-0.5
Dominick Barlow,8.4,7.1,1.3,4.3,4.3,-0.0,1.1,0.4,0.7,14.1,11.8,2.3,13.0,11.4,1.6,9.8,7.5,2.3,0.7,0.3,0.4,0.6,0.4,0.2,0.8,0.9,-0.1
Donovan Clingan,11.8,11.5,0.3,10.5,11.1,-0.6,2.1,2.3,-0.2,23.3,24.9,-1.6,24.3,22.6,1.7,13.4,13.8,-0.4,0.6,0.2,0.4,1.0,0.8,0.2,1.3,1.3,0.0
Donovan Mitchell,33.9,25.0,8.9,4.7,5.6,-0.9,7.1,6.7,0.4,41.5,37.3,4.2,35.9,30.6,5.3,39.0,31.7,7.3,1.7,1.6,0.1,0.3,0.2,0.1,2.4,2.6,-0.2
Donte DiVincenzo,12.2,12.1,0.1,5.0,5.0,0.0,5.4,4.7,0.7,21.1,21.8,-0.7,17.6,17.1,0.5,17.7,16.8,0.9,1.1,1.3,-0.2,0.7,0.4,0.3,1.5,1.5,-0.0
Dorian Finney-Smith,5.8,2.5,3.3,2.7,2.9,-0.2,0.8,0.5,0.3,8.4,5.9,2.5,7.2,5.4,1.8,7.0,3.0,4.0,0.4,0.3,0.1,0.2,0.2,0.0,0.7,0.6,0.1
Drake Powell,7.7,6.4,1.3,2.2,1.5,0.7,1.3,0.8,0.5,10.8,8.7,2.1,9.6,7.9,1.7,9.0,7.2,1.8,0.6,0.2,0.4,0.1,0.2,-0.1,0.8,0.6,0.2
Draymond Green,10.1,9.8,0.3,5.4,5.5,-0.1,4.8,5.8,-1.0,20.9,21.1,-0.2,16.1,15.3,0.8,16.3,15.6,0.7,1.0,0.9,0.1,0.7,0.5,0.2,2.1,2.3,-0.2
Drew Eubanks,2.3,3.7,-1.4,2.6,2.0,0.6,0.5,0.0,0.5,4.1,5.7,-1.6,4.2,5.7,-1.5,2.7,3.7,-1.0,0.2,0.0,0.2,0.5,0.4,0.1,0.3,0.6,-0.3
Dru Smith,5.7,5.2,0.5,2.5,1.9,0.6,2.0,1.8,0.2,11.3,8.9,2.4,7.8,7.1,0.7,9.0,7.0,2.0,1.1,1.2,-0.1,0.3,0.3,-0.0,0.9,1.1,-0.2
Duncan Robinson,11.5,11.5,-0.0,2.9,2.4,0.5,1.7,1.6,0.1,15.6,15.5,0.1,13.8,13.9,-0.1,13.2,13.1,0.1,0.7,0.4,0.3,0.4,0.4,-0.0,0.8,0.7,0.1
Duop Reath,4.3,1.9,2.4,2.6,1.8,0.8,0.8,0.3,0.5,7.8,4.0,3.8,7.2,3.7,3.5,4.9,2.2,2.7,0.4,0.2,0.2,0.4,0.5,-0.1,0.3,0.1,0.2
Dwight Powell,4.8,4.7,0.1,5.5,6.1,-0.6,0.5,1.0,-0.5,11.2,11.8,-0.6,9.5,10.8,-1.3,5.3,5.7,-0.4,0.7,0.6,0.1,0.7,0.7,0.0,0.9,0.7,0.2
Dylan Cardwell,5.8,4.9,0.9,6.1,7.5,-1.4,0.7,1.2,-0.5,13.2,13.6,-0.4,12.2,12.4,-0.2,7.2,6.1,1.1,0.6,0.7,-0.1,1.5,1.1,0.4,0.8,0.6,0.2
Dylan Harper,10.1,7.5,2.6,3.2,2.8,0.4,3.9,2.2,1.7,15.9,12.5,3.4,13.7,10.3,3.4,12.1,9.7,2.4,0.7,0.7,0.0,0.2,0.4,-0.2,1.0,0.8,0.2
Dyson Daniels,11.0,12.5,-1.5,5.3,7.0,-1.7,5.6,7.2,-1.6,23.6,26.7,-3.1,19.7,19.5,0.2,19.1,19.7,-0.6,1.3,1.7,-0.4,0.7,0.8,-0.1,1.9,1.6,0.3
Egor Dëmin,11.6,13.9,-2.3,3.1,2.8,0.3,3.1,3.7,-0.6,20.0,20.4,-0.4,15.7,16.7,-1.0,15.3,17.6,-2.3,0.9,0.9,0.0,0.5,0.4,0.1,1.5,1.7,-0.2
Ethan Thompson,7.6,3.4,4.2,1.8,1.9,-0.1,1.4,1.3,0.1,12.3,6.6,5.7,9.1,5.3,3.8,8.6,4.7,3.9,0.9,0.5,0.4,0.2,0.3,-0.1,0.8,0.9,-0.1
Evan Mobley,15.3,16.5,-1.2,7.5,7.3,0.2,5.2,4.5,0.7,28.4,28.3,0.1,22.7,23.8,-1.1,20.0,21.0,-1.0,0.8,1.1,-0.3,1.6,2.9,-1.3,1.9,2.0,-0.1
Franz Wagner,21.6,22.1,-0.5,5.7,5.9,-0.2,3.2,3.3,-0.1,31.1,31.3,-0.2,29.3,28.0,1.3,24.0,25.4,-1.4,1.1,1.1,0.0,0.4,0.2,0.2,1.8,1.7,0.1
GG Jackson,7.2,9.0,-1.8,2.8,3.0,-0.2,0.9,1.1,-0.2,10.9,13.1,-2.2,9.5,12.0,-2.5,8.1,10.1,-2.0,0.8,1.1,-0.3,0.3,0.4,-0.1,0.9,1.5,-0.6
Gabe Vincent,6.9,6.0,0.9,2.0,0.8,1.2,1.4,0.8,0.6,10.3,7.6,2.7,8.9,6.8,2.1,8.7,6.8,1.9,0.5,0.2,0.3,0.1,0.0,0.1,0.4,0.3,0.1
Garrett Temple,1.7,0.4,1.3,1.2,0.4,0.8,0.3,0.3,0.0,2.9,1.1,1.8,2.4,0.8,1.6,2.7,0.7,2.0,0.4,0.3,0.1,0.0,0.1,-0.1,0.3,0.3,0.0
Garrison Mathews,5.9,6.3,-0.4,1.8,1.2,0.6,0.9,0.9,0.0,8.8,8.4,0.4,7.9,7.5,0.4,7.0,7.2,-0.2,0.6,0.4,0.2,0.2,0.2,-0.0,0.6,0.1,0.5
Gary Harris,3.5,3.4,0.1,2.4,1.6,0.8,1.1,0.8,0.3,6.6,5.8,0.8,5.5,5.0,0.5,5.4,4.2,1.2,0.6,0.5,0.1,0.1,0.1,-0.0,0.6,0.3,0.3
Gary Payton II,5.9,7.5,-1.6,3.4,3.7,-0.3,1.4,1.3,0.1,9.4,12.5,-3.1,9.2,11.2,-2.0,7.3,8.8,-1.5,0.6,0.4,0.2,0.5,0.5,0.0,0.8,1.0,-0.2
Gary Trent Jr.,8.3,5.0,3.3,1.5,1.2,0.3,1.3,1.3,0.0,11.2,7.5,3.7,10.4,6.2,4.2,10.2,6.3,3.9,0.5,0.1,0.4,0.2,0.0,0.2,0.4,0.1,0.3
Giannis Antetokounmpo,26.0,28.5,-2.5,7.6,8.5,-0.9,4.8,4.4,0.4,42.1,41.4,0.7,34.7,37.0,-2.3,32.3,32.9,-0.6,0.9,0.9,0.0,0.6,0.5,0.1,2.6,3.4,-0.8
Goga Bitadze,5.9,6.2,-0.3,6.6,5.9,0.7,1.0,0.9,0.1,13.7,13.0,0.7,12.3,12.1,0.2,7.5,7.1,0.4,0.8,1.1,-0.3,1.5,0.9,0.6,0.7,0.4,0.3
Gradey Dick,7.5,8.4,-0.9,3.1,3.2,-0.1,0.9,0.7,0.2,10.2,12.3,-2.1,10.3,11.6,-1.3,8.7,9.1,-0.4,0.6,0.4,0.2,0.4,0.1,0.3,0.7,0.5,0.2
Grayson Allen,16.3,14.3,2.0,3.4,3.0,0.4,2.5,2.6,-0.1,21.5,19.9,1.6,20.6,17.3,3.3,18.2,16.9,1.3,1.1,1.5,-0.4,0.5,0.5,-0.0,2.4,2.0,0.4
Guerschon Yabusele,4.4,3.5,0.9,1.6,2.1,-0.5,0.7,0.6,0.1,5.3,6.2,-0.9,4.1,5.6,-1.5,4.4,4.1,0.3,0.1,0.0,0.1,0.1,0.0,0.1,0.4,0.7,-0.3
Gui Santos,6.1,4.5,1.6,2.7,3.2,-0.5,1.7,1.8,-0.1,11.3,9.5,1.8,8.7,7.7,1.0,8.1,6.3,1.8,0.7,0.8,-0.1,0.3,0.3,0.0,0.9,0.7,0.2
Harrison Barnes,7.5,7.0,0.5,2.4,2.6,-0.2,1.6,2.3,-0.7,11.6,11.9,-0.3,10.3,9.6,0.7,9.2,9.3,-0.1,0.5,0.2,0.3,0.4,0.1,0.3,0.6,0.7,-0.1
Herbert Jones,10.4,9.0,1.4,3.1,3.6,-0.5,2.5,2.2,0.3,15.6,14.8,0.8,13.0,12.6,0.4,12.4,11.2,1.2,1.4,2.1,-0.7,0.3,0.4,-0.1,1.3,1.0,0.3
Hugo González,6.3,3.6,2.7,4.6,4.0,0.6,0.8,0.9,-0.1,11.6,8.5,3.1,10.7,7.6,3.1,6.3,4.5,1.8,0.7,0.3,0.4,0.6,0.3,0.3,0.7,0.5,0.2
Hunter Tyson,4.4,3.8,0.6,1.9,1.4,0.5,0.7,0.8,-0.1,7.1,6.0,1.1,5.1,5.2,-0.1,4.5,4.6,-0.1,0.2,0.1,0.1,0.3,0.1,0.2,0.4,0.4,-0.0
Immanuel Quickley,14.3,18.5,-4.2,3.5,3.8,-0.3,5.1,5.1,0.0,24.1,27.4,-3.3,18.6,22.3,-3.7,19.7,23.6,-3.9,1.0,1.2,-0.2,0.4,0.2,0.2,2.1,1.4,0.7
Isaac Okoro,10.8,8.6,2.2,2.9,3.2,-0.3,1.8,1.6,0.2,13.2,13.4,-0.2,11.9,11.8,0.1,11.7,10.2,1.5,0.8,0.8,0.0,0.3,0.5,-0.2,0.7,0.6,0.1
Isaiah Collier,8.9,9.8,-0.9,2.5,2.6,-0.1,6.8,7.3,-0.5,17.0,19.7,-2.7,11.0,12.4,-1.4,14.8,17.1,-2.3,0.8,0.9,-0.1,0.3,0.3,-0.0,2.0,2.1,-0.1
Isaiah Hartenstein,10.4,9.8,0.6,8.9,10.1,-1.2,3.0,3.0,0.0,21.2,22.9,-1.7,18.1,19.9,-1.8,12.7,12.8,-0.1,0.9,0.9,0.0,0.7,0.9,-0.2,1.6,2.0,-0.4
Isaiah Jackson,8.9,5.9,3.0,5.6,6.6,-1.0,0.7,0.5,0.2,13.9,13.0,0.9,12.6,12.5,0.1,7.0,6.4,0.6,0.5,0.7,-0.2,0.8,1.1,-0.3,0.6,1.1,-0.5
Isaiah Joe,6.2,6.6,-0.4,2.1,2.0,0.1,1.0,0.9,0.1,9.0,9.5,-0.5,7.1,8.6,-1.5,6.9,7.5,-0.6,0.5,0.3,0.2,0.1,0.2,-0.1,0.5,0.2,0.3
Isaiah Livers,2.2,1.3,0.9,1.9,2.4,-0.5,0.6,0.9,-0.3,4.5,4.6,-0.1,3.4,3.7,-0.3,2.7,2.2,0.5,0.3,0.5,-0.2,0.2,0.2,0.0,0.2,0.8,-0.6
Isaiah Stewart,11.1,10.2,0.9,6.0,4.0,2.0,1.1,0.9,0.2,18.8,15.1,3.7,16.5,14.2,2.3,12.6,11.1,1.5,0.5,0.3,0.2,2.5,2.4,0.1,1.1,1.2,-0.1
Ivica Zubac,13.9,10.5,3.4,9.8,9.2,0.6,2.5,2.1,0.4,24.2,21.8,2.4,21.3,19.7,1.6,15.8,12.6,3.2,0.5,0.2,0.3,0.8,0.9,-0.1,1.8,2.0,-0.2
JD Davison,2.6,1.9,0.7,1.6,1.4,0.2,0.7,1.2,-0.5,5.9,4.5,1.4,4.5,3.3,1.2,3.5,3.1,0.4,0.2,0.1,0.1,0.1,0.3,-0.2,0.5,0.4,0.1
Ja Morant,19.9,18.2,1.7,2.7,2.8,-0.1,7.1,7.8,-0.7,29.6,28.8,0.8,23.2,21.0,2.2,25.8,26.0,-0.2,1.1,1.0,0.1,0.2,0.2,-0.0,3.3,3.8,-0.5
Ja'Kobe Walter,7.5,8.8,-1.3,2.5,2.9,-0.4,1.0,1.0,-0.0,10.7,12.7,-2.0,9.3,11.7,-2.4,7.9,9.8,-1.9,0.6,0.8,-0.2,0.4,0.2,0.2,0.8,0.3,0.5
Jabari Smith Jr.,16.3,13.1,3.2,7.3,7.3,0.0,2.3,1.5,0.8,24.3,21.9,2.4,23.3,20.4,2.9,18.0,14.6,3.4,0.8,0.8,-0.0,0.7,1.2,-0.5,1.4,1.4,0.0
Jabari Walker,5.4,3.0,2.4,3.2,2.5,0.7,0.9,0.5,0.4,9.1,6.0,3.1,8.6,5.5,3.1,6.3,3.5,2.8,0.3,0.4,-0.1,0.4,0.3,0.1,0.4,0.3,0.1
Jaden Hardy,8.5,8.1,0.4,2.1,1.8,0.3,1.7,1.3,0.4,12.8,11.2,1.6,10.5,9.9,0.6,10.5,9.4,1.1,0.3,0.3,0.0,0.2,0.0,0.2,0.8,0.8,-0.0
Jaden Ivey,7.9,9.5,-1.6,2.7,2.2,0.5,1.9,2.1,-0.2,13.0,13.8,-0.8,10.4,11.7,-1.3,10.9,11.6,-0.7,0.7,0.3,0.4,0.3,0.5,-0.2,1.0,0.8,0.2
Jaden McDaniels,14.4,13.3,1.1,4.8,4.3,0.5,3.2,2.7,0.5,19.9,20.3,-0.4,18.6,17.6,1.0,14.7,16.0,-1.3,1.0,1.3,-0.3,0.7,1.1,-0.4,1.3,1.1,0.2
Jae'Sean Tate,2.0,2.4,-0.4,1.3,1.3,0.0,0.5,0.6,-0.1,3.4,4.3,-0.9,2.8,3.7,-0.9,1.7,3.0,-1.3,0.2,0.1,0.1,0.1,0.3,-0.2,0.2,0.0,0.2
Jaime Jaquez Jr.,16.5,16.8,-0.3,4.2,3.7,0.5,3.9,3.9,-0.0,24.1,24.4,-0.3,18.0,20.5,-2.5,20.4,20.7,-0.3,0.9,0.9,0.0,0.4,0.1,0.3,2.1,2.3,-0.2
Jake LaRavia,10.7,12.9,-2.2,4.6,4.6,-0.0,1.8,2.3,-0.5,15.6,19.8,-4.2,15.6,17.5,-1.9,12.8,15.2,-2.4,1.3,1.7,-0.4,0.7,0.2,0.5,1.3,1.0,0.3
Jakob Poeltl,8.0,8.9,-0.9,6.7,8.5,-1.8,2.1,2.8,-0.7,17.3,20.2,-2.9,13.2,17.4,-4.2,10.2,11.7,-1.5,0.7,1.0,-0.3,0.3,0.5,-0.2,1.3,2.0,-0.7
Jalen Brunson,28.2,25.4,2.8,3.1,3.1,-0.0,5.9,5.2,0.7,34.9,33.7,1.2,29.5,28.5,1.0,32.6,30.6,2.0,1.0,0.4,0.6,0.4,0.1,0.3,2.1,2.6,-0.5
Jalen Duren,13.0,16.2,-3.2,8.3,9.9,-1.6,2.0,1.5,0.5,21.9,27.6,-5.7,20.4,26.1,-5.7,15.4,17.7,-2.3,0.6,1.2,-0.6,0.8,0.9,-0.1,1.7,1.6,0.1
Jalen Johnson,22.9,20.3,2.6,9.4,9.1,0.3,8.3,6.7,1.6,33.9,36.1,-2.2,27.6,29.4,-1.8,27.7,27.0,0.7,1.1,0.9,0.2,0.7,0.6,0.1,3.4,3.5,-0.1
Jalen Pickett,7.3,10.8,-3.5,2.6,4.1,-1.5,3.0,3.8,-0.8,11.4,18.7,-7.3,9.6,14.9,-5.3,10.7,14.6,-3.9,0.9,0.6,0.3,0.2,0.0,0.2,1.0,0.9,0.1
Jalen Smith,12.0,11.1,0.9,8.0,9.4,-1.4,1.7,1.4,0.3,22.1,21.9,0.2,20.4,20.5,-0.1,13.5,12.5,1.0,0.8,0.5,0.3,1.3,1.6,-0.3,1.1,0.8,0.3
Jalen Suggs,15.3,17.4,-2.1,4.1,3.4,0.7,4.9,4.4,0.5,22.7,25.2,-2.5,19.3,20.8,-1.5,20.2,21.8,-1.6,1.5,2.2,-0.7,0.6,0.6,-0.0,2.0,2.4,-0.4
Jalen Williams,15.8,17.1,-1.3,4.6,4.7,-0.1,5.4,6.2,-0.8,25.8,28.0,-2.2,20.9,21.8,-0.9,20.1,23.3,-3.2,1.4,1.1,0.3,0.3,0.3,-0.0,2.3,2.2,0.1
Jalen Wilson,4.0,4.1,-0.1,1.2,1.1,0.1,0.6,0.1,0.5,5.7,5.3,0.4,5.3,5.2,0.1,4.3,4.2,0.1,0.3,0.6,-0.3,0.1,0.2,-0.1,0.3,0.2,0.1
Jamal Cain,2.7,3.8,-1.1,1.0,0.9,0.1,0.4,0.3,0.1,4.2,5.0,-0.8,3.9,4.7,-0.8,3.1,4.1,-1.0,0.2,0.3,-0.1,0.0,0.0,0.0,0.2,0.2,0.0
Jamal Murray,27.2,29.3,-2.1,4.3,4.7,-0.4,7.1,9.0,-1.9,38.8,43.0,-4.2,28.5,34.0,-5.5,32.5,38.3,-5.8,0.6,0.8,-0.2,0.7,0.6,0.1,2.9,2.8,0.1
Jamal Shead,9.2,10.0,-0.8,2.4,1.8,0.6,6.0,6.4,-0.4,17.8,18.2,-0.4,13.1,11.8,1.3,13.8,16.4,-2.6,0.8,0.8,-0.0,0.3,0.2,0.1,2.2,1.3,0.9
Jamaree Bouyea,6.8,8.6,-1.8,2.7,2.8,-0.1,1.6,2.1,-0.5,9.6,13.5,-3.9,9.3,11.4,-2.1,8.1,10.7,-2.6,0.6,0.7,-0.1,0.3,0.5,-0.2,0.8,0.6,0.2
James Harden,22.5,24.5,-2.0,4.3,3.8,0.5,7.2,8.1,-0.9,35.8,36.4,-0.6,28.0,28.3,-0.3,34.7,32.6,2.1,1.2,1.2,0.0,0.5,0.3,0.2,3.1,2.7,0.4
Jamir Watkins,4.6,3.7,0.9,3.1,3.3,-0.2,0.9,0.4,0.5,8.2,7.4,0.8,8.3,7.0,1.3,6.2,4.1,2.1,0.6,0.7,-0.1,0.3,0.2,0.1,0.9,0.6,0.3
Jamison Battle,2.3,3.2,-0.9,1.3,1.4,-0.1,0.6,0.4,0.2,4.5,5.0,-0.5,3.8,4.6,-0.8,2.7,3.6,-0.9,0.2,0.3,-0.1,0.1,0.0,0.1,0.4,0.5,-0.1
Jarace Walker,8.8,9.1,-0.3,3.4,3.0,0.4,1.2,2.0,-0.8,12.6,14.1,-1.5,11.0,12.1,-1.1,9.6,11.1,-1.5,0.6,1.0,-0.4,0.4,0.2,0.2,1.0,0.5,0.5
Jared McCain,4.0,4.0,-0.0,2.0,1.8,0.2,1.5,0.9,0.6,8.2,6.7,1.5,5.3,5.8,-0.5,7.2,4.9,2.3,0.9,0.3,0.6,0.2,0.1,0.1,0.7,0.5,0.2
Jaren Jackson Jr.,18.0,21.6,-3.6,5.9,6.1,-0.2,1.9,1.5,0.4,27.5,29.2,-1.7,24.4,27.7,-3.3,19.5,23.1,-3.6,0.8,0.9,-0.1,2.1,2.2,-0.1,2.2,2.6,-0.4
Jarred Vanderbilt,6.4,5.5,0.9,4.4,4.6,-0.2,1.1,1.3,-0.2,11.7,11.4,0.3,10.5,10.1,0.4,7.1,6.8,0.3,0.7,0.4,0.3,0.4,0.3,0.1,1.0,0.9,0.1
Jarrett Allen,12.9,13.1,-0.2,7.8,8.6,-0.8,2.5,2.3,0.2,23.6,24.0,-0.4,21.9,21.7,0.2,14.1,15.4,-1.3,1.0,1.2,-0.2,0.7,0.3,0.4,1.4,1.6,-0.2
Jase Richardson,7.6,7.8,-0.2,1.9,1.9,-0.0,1.4,1.6,-0.2,11.2,11.3,-0.1,9.6,9.7,-0.1,8.9,9.4,-0.5,0.7,0.3,0.4,0.2,0.1,0.1,0.6,0.7,-0.1
Javon Small,6.1,2.1,4.0,1.9,1.3,0.6,2.9,2.2,0.7,11.9,5.6,6.3,7.7,3.4,4.3,8.6,4.3,4.3,0.6,0.3,0.3,0.1,0.0,0.1,0.9,0.9,0.0
Javonte Green,6.4,9.4,-3.0,2.7,2.8,-0.1,0.8,0.7,0.1,10.0,12.9,-2.9,8.9,12.2,-3.3,7.5,10.1,-2.6,0.9,1.8,-0.9,0.3,0.4,-0.1,0.8,0.7,0.1
Jaxson Hayes,5.5,8.2,-2.7,4.2,3.6,0.6,0.8,0.6,0.2,10.2,12.4,-2.2,10.5,11.8,-1.3,6.8,8.8,-2.0,0.4,0.5,-0.1,0.3,0.2,0.1,0.6,0.6,-0.0
Jay Huff,8.4,11.5,-3.1,3.1,3.2,-0.1,1.3,1.2,0.1,12.2,15.9,-3.7,12.3,14.7,-2.4,9.0,12.7,-3.7,0.5,1.0,-0.5,1.3,1.4,-0.1,1.1,1.1,-0.0
Jaylen Brown,28.3,29.5,-1.2,7.0,6.7,0.3,6.1,4.9,1.2,42.1,41.1,1.0,34.2,36.2,-2.0,32.2,34.4,-2.2,1.6,0.7,0.9,0.6,0.0,0.6,2.8,4.3,-1.5
Jaylen Clark,5.0,4.2,0.8,2.0,2.1,-0.1,0.9,0.7,0.2,9.0,7.0,2.0,7.4,6.3,1.1,5.9,4.9,1.0,0.6,1.0,-0.4,0.2,0.3,-0.1,0.5,0.3,0.2
Jaylen Wells,11.8,9.9,1.9,3.3,3.3,-0.0,1.5,1.9,-0.4,16.7,15.1,1.6,15.6,13.2,2.4,13.6,11.8,1.8,0.8,0.4,0.4,0.3,0.0,0.3,1.3,1.5,-0.2
Jaylin Williams,6.9,5.0,1.9,4.4,5.1,-0.7,2.5,2.6,-0.1,15.3,12.7,2.6,11.9,10.1,1.8,9.1,7.6,1.5,0.7,0.7,-0.0,0.5,0.7,-0.2,0.9,0.6,0.3
Jaylon Tyson,13.9,13.5,0.4,5.5,4.0,1.5,2.3,2.5,-0.2,22.5,20.0,2.5,20.1,17.5,2.6,15.6,16.0,-0.4,1.1,0.9,0.2,0.6,0.2,0.4,2.0,1.7,0.3
Jeff Green,2.8,1.7,1.1,1.4,0.4,1.0,0.7,0.2,0.5,4.7,2.3,2.4,3.5,2.1,1.4,3.8,1.9,1.9,0.2,0.0,0.2,0.0,0.0,0.0,0.2,0.1,0.1
Jerami Grant,19.9,20.3,-0.4,4.5,4.8,-0.3,2.9,3.0,-0.1,29.7,28.1,1.6,25.6,25.1,0.5,22.6,23.3,-0.7,0.7,0.5,0.2,0.6,1.1,-0.5,2.2,2.5,-0.3
Jeremiah Fears,10.6,13.4,-2.8,3.0,4.1,-1.1,3.2,3.6,-0.4,18.3,21.1,-2.8,15.7,17.5,-1.8,15.0,17.0,-2.0,0.8,1.1,-0.3,0.5,0.5,-0.0,1.9,2.8,-0.9
Jeremiah Robinson-Earl,5.9,4.8,1.1,4.6,3.9,0.7,1.1,0.7,0.4,10.5,9.4,1.1,10.7,8.7,2.0,6.6,5.5,1.1,0.6,0.4,0.2,0.2,0.1,0.1,0.5,0.5,-0.0
Jeremy Sochan,4.9,2.0,2.9,1.9,1.9,-0.0,0.9,0.5,0.4,8.3,4.4,3.9,7.7,3.9,3.8,5.4,2.5,2.9,0.2,0.2,0.0,0.2,0.1,0.1,0.5,0.5,-0.0
Jericho Sims,4.1,3.8,0.3,4.6,3.9,0.7,0.4,0.5,-0.1,9.3,8.2,1.1,9.2,7.7,1.5,4.9,4.3,0.6,0.7,0.2,0.5,0.5,0.0,0.5,0.8,1.6,-0.8
Jett Howard,4.6,4.1,0.5,1.7,2.1,-0.4,0.9,1.2,-0.3,8.4,7.4,1.0,7.4,6.2,1.2,5.7,5.3,0.4,0.3,0.2,0.1,0.1,0.1,0.0,0.5,0.3,0.2
Jevon Carter,3.0,4.8,-1.8,1.1,0.9,0.2,0.6,0.7,-0.1,4.0,6.4,-2.4,3.9,5.7,-1.8,3.6,5.5,-1.9,0.3,0.5,-0.2,-0.0,0.0,-0.0,0.2,0.6,-0.4
Jimmy Butler III,16.4,19.4,-3.0,5.5,5.8,-0.3,4.9,5.4,-0.5,26.1,30.6,-4.5,21.5,25.2,-3.7,19.9,24.8,-4.9,1.2,1.3,-0.1,0.5,0.1,0.4,2.0,2.1,-0.1
Joan Beringer,5.3,3.3,2.0,4.2,1.9,2.3,1.0,0.2,0.8,12.4,5.4,7.0,10.8,5.2,5.6,6.3,3.5,2.8,0.5,0.3,0.2,0.4,0.4,-0.0,0.6,0.2,0.4
Jock Landale,11.4,11.5,-0.1,7.9,7.7,0.2,1.6,1.9,-0.3,21.9,21.1,0.8,20.1,19.2,0.9,12.9,13.4,-0.5,0.8,0.4,0.4,0.8,0.5,0.3,1.3,0.9,0.4
Joe Ingles,2.6,0.7,1.9,1.1,0.3,0.8,0.7,0.9,-0.2,3.7,1.9,1.8,2.7,1.0,1.7,2.7,1.6,1.1,0.3,0.4,-0.1,0.1,0.0,0.1,0.3,0.2,0.1
Joel Embiid,23.0,26.9,-3.9,7.2,7.3,-0.1,4.1,3.8,0.3,32.4,38.0,-5.6,30.3,34.2,-3.9,27.7,30.7,-3.0,0.9,0.5,0.4,1.1,1.1,0.0,2.4,3.9,-1.5
John Collins,12.5,14.7,-2.2,5.0,5.6,-0.6,1.2,1.0,0.2,20.7,21.3,-0.6,18.2,20.3,-2.1,14.8,15.7,-0.9,1.1,1.0,0.1,1.2,1.7,-0.5,0.9,1.1,-0.2
John Konchar,4.3,3.9,0.4,3.4,3.1,0.3,1.2,1.3,-0.1,9.8,8.3,1.5,7.3,7.0,0.3,4.8,5.2,-0.4,0.6,0.8,-0.2,0.3,0.2,0.1,0.6,0.2,0.4
Johnny Furphy,8.5,6.5,2.0,4.5,5.6,-1.1,1.0,1.4,-0.4,13.2,13.5,-0.3,13.3,12.1,1.2,8.4,7.9,0.5,0.7,0.6,0.1,0.6,0.4,0.2,0.9,0.7,0.2
Johnny Juzang,3.9,3.0,0.9,1.1,0.9,0.2,0.5,0.5,0.0,6.7,4.4,2.3,5.2,3.9,1.3,4.8,3.5,1.3,0.2,0.2,0.0,0.2,0.0,0.2,0.5,0.2,0.3
Jonas Valančiūnas,7.6,8.3,-0.7,5.4,4.3,1.1,1.1,1.2,-0.1,15.1,13.8,1.3,12.9,12.6,0.3,8.7,9.5,-0.8,0.3,0.3,-0.0,1.0,0.5,0.5,0.9,1.5,-0.6
Jonathan Isaac,2.7,3.4,-0.7,3.0,1.9,1.1,0.5,0.7,-0.2,6.1,6.0,0.1,5.3,5.3,-0.0,2.9,4.1,-1.2,0.3,0.7,-0.4,0.4,0.5,-0.1,0.3,0.2,0.1
Jonathan Kuminga,8.9,8.8,0.1,5.2,5.7,-0.5,2.1,2.2,-0.1,16.7,16.7,-0.0,15.5,14.5,1.0,11.4,11.0,0.4,0.5,0.1,0.4,0.3,0.4,-0.1,1.7,2.6,-0.9
Jonathan Mogbo,2.3,1.5,0.8,1.4,1.0,0.4,0.3,0.5,-0.2,4.2,3.0,1.2,3.5,2.5,1.0,3.5,2.0,1.5,0.4,0.1,0.3,0.5,0.1,0.4,0.2,0.1,0.1
Jordan Clarkson,7.8,9.1,-1.3,1.5,1.6,-0.1,1.0,0.8,0.2,10.2,11.5,-1.3,8.3,10.7,-2.4,9.3,9.9,-0.6,0.5,0.4,0.1,0.3,0.1,0.2,0.7,0.7,0.0
Jordan Goodwin,10.4,9.2,1.2,5.2,6.5,-1.3,2.2,2.6,-0.4,18.2,18.3,-0.1,15.2,15.7,-0.5,13.2,11.8,1.4,1.3,1.3,-0.0,0.5,0.3,0.2,1.2,1.0,0.2
Jordan Hawkins,6.0,2.4,3.6,2.0,1.9,0.1,1.0,0.4,0.6,9.5,4.7,4.8,7.9,4.3,3.6,6.6,2.8,3.8,0.3,0.2,0.1,0.3,0.5,-0.2,0.9,0.8,0.1
Jordan McLaughlin,4.4,2.2,2.2,1.8,0.5,1.3,0.7,0.4,0.3,7.2,3.1,4.1,5.6,2.7,2.9,6.0,2.6,3.4,0.6,0.2,0.4,0.0,0.0,0.0,0.4,0.5,-0.1
Jordan Miller,8.6,9.7,-1.1,3.3,3.0,0.3,1.7,1.9,-0.2,13.1,14.6,-1.5,11.1,12.7,-1.6,8.9,11.6,-2.7,0.6,0.8,-0.2,0.3,0.1,0.2,1.1,0.6,0.5
Jordan Poole,9.5,12.6,-3.1,2.2,1.2,1.0,2.5,2.8,-0.3,16.7,16.6,0.1,13.7,13.8,-0.1,14.0,15.4,-1.4,0.5,0.6,-0.1,0.2,0.3,-0.1,1.6,2.4,-0.8
Jordan Walsh,7.8,4.0,3.8,5.1,4.4,0.7,1.1,0.5,0.6,13.5,8.9,4.6,12.8,8.4,4.4,9.1,4.5,4.6,1.0,0.5,0.5,0.7,0.2,0.5,0.7,0.3,0.4
Jose Alvarado,6.8,5.3,1.5,2.9,2.6,0.3,3.2,3.5,-0.3,12.2,11.4,0.8,9.6,7.9,1.7,9.8,8.8,1.0,0.8,0.8,0.0,0.2,0.2,-0.0,1.0,1.2,-0.2
Josh Giddey,16.2,16.7,-0.5,7.3,7.4,-0.1,7.4,9.2,-1.8,30.2,33.3,-3.1,23.1,24.1,-1.0,22.8,25.9,-3.1,1.0,0.9,0.1,0.4,0.3,0.1,2.4,3.8,-1.4
Josh Green,5.7,3.0,2.7,1.7,1.8,-0.1,1.2,1.1,0.1,9.4,5.9,3.5,8.0,4.8,3.2,6.8,4.1,2.7,0.5,0.4,0.1,0.2,0.1,0.1,0.7,0.5,0.2
Josh Hart,13.8,12.8,1.0,7.5,7.7,-0.2,6.3,5.4,0.9,28.7,25.9,2.8,22.4,20.5,1.9,19.8,18.2,1.6,1.4,1.4,-0.0,0.4,0.4,0.0,2.2,2.3,-0.1
Josh Minott,3.0,4.7,-1.7,2.0,2.4,-0.4,0.4,0.8,-0.4,4.3,7.9,-3.6,4.1,7.1,-3.0,2.9,5.5,-2.6,0.5,0.7,-0.2,0.2,0.5,-0.3,0.3,0.6,-0.3
Josh Okogie,5.3,2.4,2.9,2.6,2.8,-0.2,0.8,0.7,0.1,9.3,5.9,3.4,6.8,5.2,1.6,6.5,3.1,3.4,0.6,0.5,0.1,0.4,0.1,0.3,0.7,0.5,0.2
Jrue Holiday,15.2,13.4,1.8,4.4,5.0,-0.6,6.9,7.1,-0.2,24.5,25.5,-1.0,19.5,18.4,1.1,20.9,20.5,0.4,1.3,1.6,-0.3,0.1,0.1,0.0,2.4,2.4,-0.0
Julian Champagnie,13.4,15.8,-2.4,6.7,8.6,-1.9,1.8,1.8,-0.0,23.5,26.2,-2.7,19.6,24.4,-4.8,13.8,17.6,-3.8,0.8,0.6,0.2,0.6,0.3,0.3,1.0,1.2,-0.2
Julian Phillips,2.1,3.6,-1.5,1.2,1.6,-0.4,0.3,0.3,-0.0,3.4,5.5,-2.1,2.8,5.2,-2.4,2.7,3.9,-1.2,0.4,0.9,-0.5,0.0,0.1,-0.1,0.2,0.4,-0.2
Julian Strawther,5.2,3.1,2.1,1.7,1.2,0.5,1.2,0.9,0.3,7.5,5.2,2.3,6.9,4.3,2.6,5.8,4.0,1.8,0.2,0.2,-0.0,0.2,0.0,0.2,0.4,0.7,-0.3
Julius Randle,20.5,22.7,-2.2,6.4,7.1,-0.7,5.2,5.3,-0.1,32.4,35.1,-2.7,28.1,29.8,-1.7,25.6,28.0,-2.4,0.8,0.6,0.2,0.3,0.2,0.1,2.4,2.1,0.3
Justin Champagnie,9.6,11.6,-2.0,7.7,6.9,0.8,1.7,1.5,0.2,18.4,20.0,-1.6,17.5,18.5,-1.0,11.4,13.1,-1.7,0.8,0.8,0.0,1.0,0.9,0.1,0.9,0.9,-0.0
Justin Edwards,2.7,2.5,0.2,0.9,1.2,-0.3,0.7,0.8,-0.1,4.6,4.5,0.1,4.8,3.7,1.1,3.9,3.3,0.6,0.4,0.7,-0.3,0.2,0.2,0.0,0.3,0.3,0.0
Jusuf Nurkić,11.5,15.4,-3.9,7.6,11.7,-4.1,5.6,5.6,0.0,20.9,32.7,-11.8,19.9,27.1,-7.2,16.7,21.0,-4.3,0.8,1.2,-0.4,0.4,0.6,-0.2,2.2,2.2,-0.0
KJ Simpson,7.2,6.5,0.7,2.3,2.1,0.2,2.6,2.6,-0.0,12.3,11.2,1.1,9.7,8.6,1.1,10.4,9.1,1.3,1.0,1.2,-0.2,0.2,0.0,0.2,1.2,1.7,-0.5
Kam Jones,4.7,1.9,2.8,3.1,0.4,2.7,1.1,0.6,0.5,7.8,2.9,4.9,6.8,2.3,4.5,6.0,2.5,3.5,0.5,0.2,0.3,0.2,0.0,0.2,0.5,0.1,0.4
Karl-Anthony Towns,17.6,16.9,0.7,9.8,10.3,-0.5,3.0,3.1,-0.1,30.2,30.3,-0.1,30.5,27.2,3.3,20.8,20.0,0.8,0.8,1.1,-0.3,0.6,0.7,-0.1,2.5,2.8,-0.3
Karlo Matković,5.9,5.9,0.0,3.9,2.9,1.0,0.8,0.5,0.3,9.7,9.3,0.4,9.9,8.8,1.1,6.3,6.4,-0.1,0.4,0.5,-0.1,0.5,1.0,-0.5,0.5,0.6,-0.1
Kasparas Jakučionis,5.5,3.5,2.0,1.4,1.9,-0.5,2.2,1.8,0.4,11.0,7.2,3.8,8.3,5.4,2.9,8.7,5.3,3.4,0.8,0.6,0.2,0.2,0.0,0.2,1.0,0.8,0.2
Kawhi Leonard,30.4,31.9,-1.5,7.5,6.7,0.8,3.8,3.7,0.1,38.4,42.3,-3.9,38.4,38.6,-0.2,35.9,35.6,0.3,2.1,2.7,-0.6,0.6,1.1,-0.5,1.6,2.6,-1.0
Keaton Wallace,4.9,4.0,0.9,1.4,0.7,0.7,1.3,1.1,0.2,7.3,5.8,1.5,6.4,4.7,1.7,6.5,5.1,1.4,0.4,0.4,-0.0,0.2,0.0,0.2,0.3,0.4,-0.1
Keegan Murray,13.3,13.4,-0.1,5.9,5.6,0.3,1.9,1.6,0.3,19.7,20.6,-0.9,19.9,19.0,0.9,14.0,15.0,-1.0,0.7,0.7,0.0,1.0,1.6,-0.6,1.0,1.5,-0.5
Kel'el Ware,9.3,9.5,-0.2,8.6,7.4,1.2,1.0,0.5,0.5,17.8,17.4,0.4,17.7,16.9,0.8,10.7,10.0,0.7,0.9,0.8,0.1,0.9,0.6,0.3,1.0,0.7,0.3
Keldon Johnson,9.9,14.9,-5.0,5.4,5.7,-0.3,1.5,0.7,0.8,15.5,21.3,-5.8,16.5,20.6,-4.1,11.7,15.6,-3.9,0.5,1.1,-0.6,0.5,0.0,0.5,0.8,1.2,-0.4
Kelly Olynyk,2.9,2.4,0.5,1.0,1.2,-0.2,0.7,1.1,-0.4,5.3,4.7,0.6,4.5,3.6,0.9,4.5,3.5,1.0,0.4,0.6,-0.2,0.1,0.1,0.0,0.3,0.2,0.1
Kelly Oubre Jr.,10.6,9.5,1.1,4.8,4.3,0.5,0.9,1.0,-0.1,19.7,14.8,4.9,17.1,13.8,3.3,14.0,10.5,3.5,0.9,1.0,-0.1,0.5,0.7,-0.2,0.9,1.6,-0.7
Kenrich Williams,4.4,4.9,-0.5,2.7,2.6,0.1,1.2,1.0,0.2,7.1,8.5,-1.4,6.6,7.5,-0.9,4.8,5.9,-1.1,0.5,0.7,-0.2,0.2,0.1,0.1,0.5,0.4,0.1
Kentavious Caldwell-Pope,6.9,9.1,-2.2,2.4,2.4,0.0,2.2,1.7,0.5,10.5,13.2,-2.7,8.3,11.5,-3.2,9.6,10.8,-1.2,0.7,0.8,-0.1,0.2,0.3,-0.1,1.1,0.9,0.2
Keon Ellis,4.8,6.8,-2.0,1.5,1.4,0.1,0.7,0.4,0.3,7.4,8.6,-1.2,6.8,8.2,-1.4,5.1,7.2,-2.1,1.1,0.9,0.2,0.5,0.8,-0.3,0.7,0.6,0.1
Keshad Johnson,3.0,3.1,-0.1,1.7,1.5,0.2,0.4,0.0,0.4,4.6,4.6,0.0,4.1,4.6,-0.5,2.7,3.1,-0.4,0.4,0.2,0.2,0.3,0.1,0.2,0.4,0.4,-0.0
Kevin Durant,24.4,28.8,-4.4,5.9,6.7,-0.8,6.3,5.1,1.2,41.7,40.6,1.1,35.6,35.5,0.1,28.2,33.9,-5.7,1.0,0.5,0.5,1.6,1.0,0.6,3.3,2.8,0.5
Kevin Huerter,10.2,10.2,-0.0,3.4,4.4,-1.0,2.0,2.4,-0.4,16.2,17.0,-0.8,13.6,14.6,-1.0,11.8,12.6,-0.8,0.7,0.8,-0.1,0.4,0.6,-0.2,1.2,1.2,-0.0
Kevin Love,7.5,8.9,-1.4,4.8,6.7,-1.9,1.4,2.0,-0.6,13.3,17.6,-4.3,12.7,15.6,-2.9,7.5,10.9,-3.4,0.5,0.3,0.2,0.4,0.2,0.2,1.0,0.7,0.3
Kevin McCullar Jr.,2.6,2.5,0.1,1.4,1.9,-0.5,1.4,1.5,-0.1,6.7,5.9,0.8,4.3,4.4,-0.1,3.7,4.0,-0.3,0.3,0.4,-0.1,0.2,0.0,0.2,0.5,0.8,-0.3
Kevin Porter Jr.,19.7,13.7,6.0,5.3,4.8,0.5,7.2,7.7,-0.5,30.2,26.2,4.0,23.9,18.5,5.4,24.1,21.4,2.7,1.8,2.0,-0.2,0.4,0.4,-0.0,3.0,2.8,0.2
Kevon Looney,5.1,2.2,2.9,6.5,5.3,1.2,1.8,1.7,0.1,13.7,9.2,4.5,12.4,7.5,4.9,7.1,3.9,3.2,0.5,0.4,0.1,0.8,0.4,0.4,1.1,0.3,0.8
Keyonte George,24.3,22.5,1.8,3.6,3.6,0.0,5.9,6.8,-0.9,33.1,32.9,0.2,28.7,26.1,2.6,29.7,29.3,0.4,1.1,1.3,-0.2,0.3,0.2,0.1,3.0,3.6,-0.6
Khaman Maluach,1.8,1.0,0.8,2.0,1.1,0.9,0.4,0.2,0.2,3.8,2.3,1.5,4.3,2.1,2.2,2.4,1.2,1.2,0.3,0.1,0.2,0.4,0.3,0.1,0.3,0.3,-0.0
Khris Middleton,11.1,8.5,2.6,3.8,4.1,-0.3,3.6,3.1,0.5,17.5,15.7,1.8,14.4,12.6,1.8,15.6,11.6,4.0,0.7,0.7,-0.0,0.2,0.2,0.0,1.8,1.5,0.3
Klay Thompson,9.8,14.6,-4.8,2.4,1.7,0.7,1.2,2.0,-0.8,15.5,18.3,-2.8,13.1,16.3,-3.2,13.4,16.6,-3.2,0.7,0.4,0.3,0.6,0.5,0.1,1.2,0.8,0.4
Kobe Brown,3.2,1.6,1.6,0.7,0.8,-0.1,0.4,0.5,-0.1,4.2,2.9,1.3,3.8,2.4,1.4,2.6,2.1,0.5,0.4,0.0,0.4,0.1,0.0,0.1,0.4,0.1,0.3
Kobe Sanders,6.7,7.4,-0.7,2.8,3.3,-0.5,1.8,1.8,0.0,11.8,12.5,-0.7,9.7,10.7,-1.0,8.7,9.2,-0.5,0.7,0.8,-0.1,0.2,0.1,0.1,1.1,1.3,-0.2
Kon Knueppel,17.3,18.9,-1.6,5.1,5.8,-0.7,3.9,3.9,0.0,24.1,28.6,-4.5,21.9,24.7,-2.8,18.9,22.8,-3.9,0.5,0.6,-0.1,0.3,0.2,0.1,1.9,1.6,0.3
Kris Dunn,7.8,7.5,0.3,2.8,2.9,-0.1,3.6,3.4,0.2,14.7,13.8,0.9,11.5,10.4,1.1,11.1,10.9,0.2,1.1,1.6,-0.5,0.4,0.0,0.4,0.8,1.4,-0.6
Kris Murray,7.0,7.0,0.0,5.0,4.0,1.0,1.8,1.5,0.3,14.4,12.5,1.9,11.9,11.0,0.9,9.8,8.5,1.3,1.0,1.0,-0.0,0.6,0.6,0.0,1.0,0.9,0.1
Kristaps Porziņģis,15.0,17.2,-2.2,5.1,4.7,0.4,2.5,2.4,0.1,21.7,24.3,-2.6,21.3,21.9,-0.6,17.9,19.6,-1.7,0.5,0.3,0.2,1.3,1.6,-0.3,1.2,0.6,0.6
Kyle Anderson,9.0,8.4,0.6,5.0,4.3,0.7,2.5,2.8,-0.3,13.4,15.5,-2.1,11.8,12.7,-0.9,10.5,11.2,-0.7,1.4,1.6,-0.2,0.6,0.6,-0.0,1.1,1.0,0.1
Kyle Filipowski,7.8,8.2,-0.4,4.9,5.7,-0.8,1.7,1.5,0.2,15.7,15.4,0.3,12.9,13.9,-1.0,10.9,9.7,1.2,0.6,1.0,-0.4,0.9,0.4,0.5,1.2,1.3,-0.1
Kyle Kuzma,11.3,10.1,1.2,4.8,3.6,1.2,2.0,2.1,-0.1,17.1,15.8,1.3,15.8,13.7,2.1,13.1,12.2,0.9,0.7,0.4,0.3,0.6,0.3,0.3,1.6,0.9,0.7
Kyshawn George,13.5,16.5,-3.0,4.7,5.0,-0.3,4.8,5.0,-0.2,24.7,26.5,-1.8,19.8,21.5,-1.7,20.0,21.5,-1.5,1.1,0.8,0.3,0.7,1.0,-0.3,2.6,2.3,0.3
LaMelo Ball,20.7,20.7,-0.0,4.2,4.9,-0.7,6.8,5.9,0.9,29.9,31.5,-1.6,22.0,25.6,-3.6,26.7,26.6,0.1,1.2,1.2,-0.0,0.1,0.1,0.0,3.7,2.5,1.2
Landry Shamet,6.7,9.8,-3.1,1.6,1.5,0.1,1.2,1.4,-0.2,8.3,12.7,-4.4,7.1,11.3,-4.2,8.3,11.2,-2.9,0.4,0.4,-0.0,0.2,0.3,-0.1,0.6,0.3,0.3
Larry Nance Jr.,2.8,3.0,-0.2,1.5,2.3,-0.8,0.7,1.3,-0.6,4.9,6.6,-1.7,3.7,5.3,-1.6,3.4,4.3,-0.9,0.2,0.7,-0.5,0.2,0.3,-0.1,0.3,0.6,-0.3
Lauri Markkanen,24.0,28.6,-4.6,7.5,8.1,-0.6,3.0,2.5,0.5,36.3,39.2,-2.9,36.4,36.7,-0.3,27.1,31.1,-4.0,1.1,1.5,-0.4,0.4,0.7,-0.3,1.9,2.5,-0.6
LeBron James,22.8,25.6,-2.8,5.6,7.1,-1.5,5.5,7.0,-1.5,33.6,39.7,-6.1,26.6,32.7,-6.1,27.8,32.6,-4.8,0.9,1.4,-0.5,0.6,0.6,-0.0,3.5,3.0,0.5
Leonard Miller,3.9,3.0,0.9,1.5,1.5,-0.0,0.3,0.3,0.0,7.0,4.8,2.2,6.0,4.5,1.5,4.9,3.3,1.6,0.2,0.3,-0.1,0.1,0.0,0.1,0.4,0.4,0.0
Liam McNeeley,5.2,3.9,1.3,2.6,2.4,0.2,0.8,0.8,-0.0,9.5,7.1,2.4,8.1,6.3,1.8,6.1,4.7,1.4,0.5,0.2,0.3,0.1,0.1,0.0,0.4,0.4,-0.0
Lindy Waters III,2.9,1.8,1.1,1.2,0.6,0.6,1.1,0.6,0.5,4.1,3.0,1.1,3.9,2.4,1.5,4.2,2.4,1.8,0.1,0.0,0.1,0.1,0.0,0.1,0.2,0.1,0.1
Lonzo Ball,6.1,4.1,2.0,3.3,3.1,0.2,3.3,3.2,0.1,9.4,10.4,-1.0,9.6,7.2,2.4,6.7,7.3,-0.6,1.0,1.3,-0.3,0.3,0.2,0.1,0.9,1.1,-0.2
Luguentz Dort,8.1,8.5,-0.4,3.9,4.0,-0.1,1.3,0.7,0.6,11.7,13.2,-1.5,10.9,12.5,-1.6,8.9,9.2,-0.3,0.8,1.0,-0.2,0.9,0.6,0.3,0.7,0.8,-0.1
Luka Dončić,28.6,33.4,-4.8,5.5,6.1,-0.6,9.2,8.7,0.5,40.7,48.2,-7.5,33.1,39.5,-6.4,37.0,42.1,-5.1,1.0,1.6,-0.6,0.3,0.4,-0.1,4.9,4.9,0.0
Luka Garza,9.1,9.5,-0.4,5.2,5.0,0.2,1.0,0.8,0.2,13.1,15.3,-2.2,12.0,14.5,-2.5,9.0,10.3,-1.3,0.6,0.6,-0.0,0.6,0.6,-0.0,0.6,0.4,0.2
Luke Kennard,7.0,10.1,-3.1,2.3,1.9,0.4,2.0,2.3,-0.3,10.1,14.3,-4.2,8.9,12.0,-3.1,9.2,12.4,-3.2,0.7,0.9,-0.2,0.3,0.1,0.2,0.6,0.4,0.2
Luke Kornet,7.7,8.7,-1.0,7.5,7.2,0.3,1.5,1.9,-0.4,15.8,17.8,-2.0,15.7,15.9,-0.2,9.1,10.6,-1.5,0.7,0.6,0.1,1.0,1.0,-0.0,0.6,0.3,0.3
Luke Travers,3.2,2.4,0.8,1.8,2.1,-0.3,0.5,0.9,-0.4,5.6,5.4,0.2,4.9,4.5,0.4,3.9,3.3,0.6,0.3,0.6,-0.3,0.3,0.4,-0.1,0.3,0.2,0.1
Malaki Branham,4.3,3.7,0.6,1.8,1.5,0.3,2.1,1.1,1.0,8.0,6.3,1.7,7.1,5.2,1.9,7.1,4.8,2.3,0.6,0.7,-0.1,0.2,0.2,-0.0,0.7,0.6,0.1
Malik Monk,10.7,9.2,1.5,2.5,2.0,0.5,2.4,2.5,-0.1,15.4,13.7,1.7,13.9,11.2,2.7,12.7,11.7,1.0,0.7,0.5,0.2,0.3,0.2,0.1,1.6,2.0,-0.4
Marcus Sasser,2.3,5.2,-2.9,1.1,1.1,0.0,1.5,1.9,-0.4,4.4,8.2,-3.8,3.4,6.3,-2.9,4.2,7.1,-2.9,0.3,0.6,-0.3,0.0,0.2,-0.2,0.6,0.7,-0.1
Marcus Smart,10.2,10.1,0.1,3.9,4.1,-0.2,2.5,3.1,-0.6,16.2,17.3,-1.1,14.5,14.2,0.3,12.7,13.2,-0.5,0.9,1.5,-0.6,0.4,0.4,-0.0,1.4,1.8,-0.4
Mark Williams,10.9,9.5,1.4,8.4,8.4,0.0,1.1,0.9,0.2,20.0,18.8,1.2,20.0,17.9,2.1,12.2,10.4,1.8,0.7,0.5,0.2,1.0,1.2,-0.2,1.3,0.9,0.4
Marvin Bagley III,9.4,9.8,-0.4,5.9,5.7,0.2,1.5,1.2,0.3,16.8,16.7,0.1,15.8,15.5,0.3,12.2,11.0,1.2,0.6,0.8,-0.2,1.2,0.7,0.5,1.4,1.3,0.1
Mason Plumlee,3.8,1.9,1.9,4.0,3.2,0.8,1.3,1.5,-0.2,8.0,6.6,1.4,7.0,5.1,1.9,4.7,3.4,1.3,0.4,0.6,-0.2,0.1,0.0,0.1,0.6,0.5,0.1
Matas Buzelis,14.6,17.2,-2.6,5.0,5.4,-0.4,2.1,2.6,-0.5,19.2,25.2,-6.0,18.0,22.6,-4.6,16.8,19.8,-3.0,0.7,0.4,0.3,1.4,1.4,0.0,1.5,1.4,0.1
Max Christie,12.2,15.8,-3.6,3.0,4.1,-1.1,2.0,3.1,-1.1,18.9,23.0,-4.1,16.5,19.9,-3.4,14.7,18.9,-4.2,0.7,0.6,0.1,0.3,0.1,0.2,1.0,1.3,-0.3
Maxi Kleber,2.3,1.2,1.1,1.5,1.5,-0.0,0.6,0.7,-0.1,3.9,3.4,0.5,3.3,2.7,0.6,2.8,1.9,0.9,0.2,0.3,-0.1,0.2,0.2,-0.0,0.3,0.5,-0.2
Maxime Raynaud,12.5,9.5,3.0,7.8,7.4,0.4,1.6,1.4,0.2,22.3,18.3,4.0,21.4,16.9,4.5,13.1,10.9,2.2,0.8,0.3,0.5,0.8,0.4,0.4,1.0,0.8,0.2
Micah Peavy,5.4,4.4,1.0,1.4,1.6,-0.2,1.2,1.5,-0.3,8.1,7.5,0.6,7.0,6.0,1.0,7.3,5.9,1.4,0.5,0.8,-0.3,0.3,0.3,-0.0,0.7,0.2,0.5
Micah Potter,5.9,7.5,-1.6,3.2,3.7,-0.5,1.1,1.4,-0.3,9.3,12.6,-3.3,7.4,11.2,-3.8,6.4,8.9,-2.5,0.5,0.3,0.2,0.2,0.2,0.0,0.7,0.8,-0.1
Michael Porter Jr.,28.7,26.1,2.6,7.0,7.8,-0.8,4.0,3.4,0.6,38.0,37.3,0.7,33.9,33.9,-0.0,34.1,29.5,4.6,1.2,1.4,-0.2,0.4,0.2,0.2,2.4,3.1,-0.7
Mikal Bridges,11.5,15.2,-3.7,3.8,4.5,-0.7,3.7,3.5,0.2,18.1,23.2,-5.1,15.1,19.7,-4.6,15.3,18.7,-3.4,1.0,1.4,-0.4,1.1,0.7,0.4,0.9,1.0,-0.1
Mike Conley,7.7,4.1,3.6,1.9,1.2,0.7,2.2,2.2,0.0,10.9,7.5,3.4,9.8,5.3,4.5,9.8,6.3,3.5,0.5,0.4,0.1,0.2,0.1,0.1,0.7,0.5,0.2
Miles Bridges,15.8,16.2,-0.4,6.4,6.8,-0.4,3.2,2.8,0.4,24.3,25.8,-1.5,22.1,23.0,-0.9,19.2,19.0,0.2,0.6,0.3,0.3,0.7,0.2,0.5,1.5,1.4,0.1
Miles McBride,12.7,16.8,-4.1,2.9,2.5,0.4,2.9,3.4,-0.5,18.1,22.7,-4.6,15.3,19.3,-4.0,15.3,20.2,-4.9,0.8,0.9,-0.1,0.3,0.1,0.2,0.9,1.0,-0.1
Mitchell Robinson,6.0,3.9,2.1,8.2,9.9,-1.7,1.1,1.3,-0.2,15.1,15.1,-0.0,13.8,13.8,0.0,7.2,5.2,2.0,1.0,0.9,0.1,1.1,1.2,-0.1,0.7,0.6,0.1
Mohamed Diawara,3.8,2.4,1.4,1.7,0.9,0.8,0.5,0.2,0.3,6.3,3.5,2.8,5.6,3.3,2.3,3.8,2.6,1.2,0.4,0.3,0.1,0.0,0.1,-0.1,0.4,0.2,0.2
Moses Moody,8.7,8.9,-0.2,2.4,2.0,0.4,1.4,1.1,0.3,11.6,12.0,-0.4,10.6,10.9,-0.3,10.2,10.0,0.2,0.7,0.7,0.0,0.5,0.3,0.2,0.8,0.6,0.2
Mouhamed Gueye,4.5,3.1,1.4,3.4,4.4,-1.0,0.9,1.7,-0.8,7.5,9.2,-1.7,8.0,7.5,0.5,5.2,4.8,0.4,0.6,1.8,-1.2,0.5,0.4,0.1,0.4,0.6,-0.2
Moussa Cisse,5.1,3.6,1.5,4.7,5.5,-0.8,0.6,0.2,0.4,12.2,9.3,2.9,11.9,9.1,2.8,5.2,3.8,1.4,0.5,0.4,0.1,1.3,0.8,0.5,0.7,0.6,0.1
Moussa Diabaté,7.9,9.2,-1.3,9.2,10.6,-1.4,1.6,2.4,-0.8,21.4,22.2,-0.8,19.7,19.8,-0.1,9.8,11.6,-1.8,1.0,0.6,0.4,0.8,1.2,-0.4,0.9,1.2,-0.3
Myles Turner,12.7,11.5,1.2,4.4,4.6,-0.2,1.6,1.3,0.3,17.4,17.4,0.0,14.8,16.1,-1.3,13.8,12.8,1.0,0.7,0.3,0.4,2.0,1.4,0.6,1.0,0.9,0.1
Myron Gardner,3.2,2.2,1.0,1.4,1.7,-0.3,0.5,0.4,0.1,5.0,4.3,0.7,4.3,3.9,0.4,3.9,2.6,1.3,0.4,0.5,-0.1,0.1,0.1,0.0,0.4,0.1,0.3
Nae'Qwan Tomlin,7.2,5.2,2.0,3.1,2.9,0.2,1.2,1.1,0.1,12.0,9.2,2.8,10.0,8.1,1.9,8.2,6.3,1.9,0.9,0.5,0.4,0.7,0.9,-0.2,0.6,0.3,0.3
Naji Marshall,12.2,16.6,-4.4,3.6,4.3,-0.7,3.1,4.0,-0.9,16.5,24.9,-8.4,14.1,20.9,-6.8,14.9,20.6,-5.7,1.1,1.2,-0.1,0.4,0.1,0.3,1.6,1.7,-0.1
Naz Reid,14.0,18.6,-4.6,6.7,6.5,0.2,2.1,2.6,-0.5,18.5,27.7,-9.2,20.5,25.1,-4.6,15.8,21.2,-5.4,0.5,0.6,-0.1,0.8,1.0,-0.2,1.5,2.0,-0.5
Neemias Queta,10.0,10.6,-0.6,7.7,9.4,-1.7,1.7,0.6,1.1,21.7,20.6,1.1,19.1,20.0,-0.9,12.5,11.2,1.3,0.9,1.1,-0.2,1.1,1.2,-0.1,0.8,1.2,-0.4
Nic Claxton,12.7,11.3,1.4,7.6,7.4,0.2,3.5,3.0,0.5,23.8,21.7,2.1,19.1,18.7,0.4,16.9,14.3,2.6,0.7,0.7,-0.0,1.4,1.5,-0.1,1.6,1.6,-0.0
Nick Richards,2.2,1.9,0.3,4.3,3.4,0.9,0.5,0.3,0.2,6.1,5.6,0.5,6.1,5.3,0.8,2.3,2.2,0.1,0.2,0.2,-0.0,0.7,0.6,0.1,0.7,0.9,-0.2
Nick Smith Jr.,4.2,4.6,-0.4,1.5,0.4,1.1,1.1,1.1,-0.0,10.0,6.1,3.9,6.1,5.0,1.1,7.5,5.7,1.8,0.4,0.0,0.4,0.1,0.0,0.1,0.6,0.5,0.1
Nickeil Alexander-Walker,19.7,19.7,0.0,3.5,4.1,-0.6,3.9,4.0,-0.1,24.8,27.8,-3.0,23.3,23.8,-0.5,21.2,23.7,-2.5,1.1,1.4,-0.3,0.6,0.3,0.3,1.8,1.8,-0.0
Nicolas Batum,5.5,5.3,0.2,3.2,2.3,0.9,1.0,0.9,0.1,11.0,8.5,2.5,10.3,7.6,2.7,7.2,6.2,1.0,0.5,0.7,-0.2,0.5,0.6,-0.1,0.6,0.5,0.1
Nigel Hayes-Davis,1.9,1.2,0.7,1.3,1.2,0.1,0.3,0.2,0.1,3.1,2.6,0.5,3.4,2.4,1.0,2.8,1.4,1.4,0.2,0.2,-0.0,0.1,0.1,0.0,0.2,0.2,0.0
Nikola Jokić,26.8,32.4,-5.6,9.1,12.0,-2.9,9.5,10.9,-1.4,46.4,55.3,-8.9,34.8,44.4,-9.6,37.1,43.3,-6.2,0.5,1.5,-1.0,0.1,0.7,-0.6,3.3,3.7,-0.4
Nikola Jović,7.3,10.9,-3.6,3.5,4.2,-0.7,2.4,2.9,-0.5,12.0,18.0,-6.0,11.1,15.1,-4.0,9.1,13.8,-4.7,0.6,1.0,-0.4,0.4,0.6,-0.2,1.2,1.8,-0.6
Nikola Vučević,15.1,20.3,-5.2,7.4,9.3,-1.9,3.3,4.9,-1.6,26.5,34.5,-8.0,23.8,29.6,-5.8,19.5,25.2,-5.7,0.7,0.3,0.4,0.8,1.0,-0.2,1.4,1.3,0.1
Nique Clifford,6.8,5.4,1.4,2.7,2.3,0.4,0.8,0.9,-0.1,11.2,8.6,2.6,9.5,7.7,1.8,7.6,6.3,1.3,0.7,0.6,0.1,0.4,0.2,0.2,1.0,1.4,-0.4
Noah Clowney,13.9,13.3,0.6,4.8,4.6,0.2,2.5,2.1,0.4,22.6,20.0,2.6,18.9,17.9,1.0,17.9,15.4,2.5,0.8,1.2,-0.4,0.9,0.8,0.1,2.0,1.8,0.2
Noah Penda,7.2,6.1,1.1,6.9,4.5,2.4,1.2,1.3,-0.1,15.4,11.9,3.5,13.6,10.6,3.0,8.7,7.4,1.3,1.0,0.9,0.1,0.5,0.7,-0.2,0.8,1.0,-0.2
Nolan Traore,8.0,6.3,1.7,2.0,1.3,0.7,2.6,3.6,-1.0,12.8,11.2,1.6,10.6,7.6,3.0,10.8,9.9,0.9,0.8,0.5,0.3,0.2,0.4,-0.2,1.3,1.7,-0.4
Norman Powell,21.2,24.4,-3.2,3.7,3.3,0.4,2.8,2.7,0.1,26.8,30.4,-3.6,24.9,27.7,-2.8,23.5,27.1,-3.6,1.2,1.1,0.1,0.3,0.1,0.2,1.8,1.9,-0.1
OG Anunoby,19.1,17.2,1.9,5.2,5.6,-0.4,2.8,2.6,0.2,25.8,25.4,0.4,22.6,22.8,-0.2,21.4,19.8,1.6,1.3,1.4,-0.1,0.6,0.6,0.0,1.8,2.1,-0.3
Ochai Agbaji,9.4,5.5,3.9,2.9,2.6,0.3,0.9,0.8,0.1,11.9,8.9,3.0,11.7,8.1,3.6,8.9,6.3,2.6,0.6,0.2,0.4,0.3,0.3,-0.0,0.7,0.5,0.2
Olivier-Maxence Prosper,4.8,5.1,-0.3,2.2,2.0,0.2,1.2,1.0,0.2,7.0,8.1,-1.1,5.8,7.1,-1.3,6.1,6.1,-0.0,0.4,0.2,0.2,0.1,0.0,0.1,0.4,0.6,-0.2
Onyeka Okongwu,14.0,17.4,-3.4,7.2,8.7,-1.5,3.9,4.2,-0.3,23.7,30.3,-6.6,21.2,26.1,-4.9,17.1,21.6,-4.5,1.2,1.7,-0.5,0.9,0.6,0.3,2.0,2.0,-0.0
Oso Ighodaro,5.3,6.3,-1.0,4.7,4.5,0.2,1.8,1.7,0.1,13.4,12.5,0.9,12.3,10.8,1.5,7.9,8.0,-0.1,1.2,1.6,-0.4,1.0,0.6,0.4,1.1,0.9,0.2
Ousmane Dieng,3.4,6.0,-2.6,1.3,1.5,-0.2,0.9,1.4,-0.5,6.5,8.9,-2.4,4.1,7.5,-3.4,4.1,7.4,-3.3,0.2,0.0,0.2,0.1,0.0,0.1,0.3,0.2,0.1
P.J. Washington,12.5,12.4,0.1,5.0,6.7,-1.7,1.1,1.2,-0.1,18.7,20.3,-1.6,18.7,19.1,-0.4,15.8,13.6,2.2,1.0,0.8,0.2,2.2,1.9,0.3,1.3,1.4,-0.1
PJ Hall,7.1,5.8,1.3,4.4,4.2,0.2,0.9,0.5,0.4,12.3,10.5,1.8,10.8,10.0,0.8,7.9,6.3,1.6,0.3,0.1,0.2,0.4,0.7,-0.3,0.6,0.8,-0.2
Pacôme Dadiet,1.7,0.2,1.5,1.1,0.8,0.3,0.4,0.4,-0.0,3.0,1.4,1.6,2.0,1.0,1.0,1.9,0.6,1.3,0.2,0.2,-0.0,0.2,0.0,0.2,0.2,0.0,0.2
Paolo Banchero,25.6,23.0,2.6,9.6,9.9,-0.3,5.9,6.0,-0.1,37.6,38.9,-1.3,32.8,32.9,-0.1,29.1,29.0,0.1,0.8,0.9,-0.1,0.8,0.7,0.1,2.6,3.6,-1.0
Pascal Siakam,23.2,24.9,-1.7,7.3,7.4,-0.1,3.6,4.0,-0.4,30.8,36.3,-5.5,29.6,32.3,-2.7,26.7,28.9,-2.2,1.2,1.2,0.0,0.6,0.4,0.2,2.1,3.0,-0.9
Pat Connaughton,2.2,2.7,-0.5,0.8,0.9,-0.1,0.4,0.3,0.1,5.2,3.9,1.3,4.1,3.6,0.5,2.9,3.0,-0.1,0.3,0.1,0.2,0.0,0.0,0.0,0.3,0.0,0.3
Pat Spencer,3.3,2.7,0.6,1.4,1.4,0.0,2.6,2.6,0.0,9.3,6.7,2.6,4.6,4.1,0.5,7.9,5.3,2.6,0.6,0.6,0.0,0.0,0.0,0.0,1.0,1.0,-0.0
Patrick Williams,6.3,5.9,0.4,2.8,2.7,0.1,1.1,1.2,-0.1,10.7,9.8,0.9,9.5,8.6,0.9,6.7,7.1,-0.4,0.6,0.5,0.1,0.3,0.3,0.0,0.7,0.9,-0.2
Paul George,16.8,15.4,1.4,4.9,5.6,-0.7,3.8,4.0,-0.2,24.4,25.0,-0.6,20.8,21.0,-0.2,19.5,19.4,0.1,1.2,1.0,0.2,0.4,0.6,-0.2,1.7,1.8,-0.1
Paul Reed,6.8,4.8,2.0,4.6,4.2,0.4,1.4,1.6,-0.2,13.1,10.6,2.5,10.8,9.0,1.8,8.6,6.4,2.2,0.8,1.1,-0.3,0.7,0.6,0.1,1.3,1.0,0.3
Payton Pritchard,17.3,17.6,-0.3,4.3,5.0,-0.7,5.7,5.7,-0.0,25.6,28.3,-2.7,22.3,22.6,-0.3,22.4,23.3,-0.9,1.4,1.2,0.2,0.2,0.2,0.0,1.4,0.8,0.6
Pelle Larsson,8.5,9.4,-0.9,2.9,3.1,-0.2,3.7,2.7,1.0,15.2,15.2,0.0,12.3,12.5,-0.2,11.8,12.1,-0.3,0.7,0.5,0.2,0.3,0.3,-0.0,1.2,0.8,0.4
Pete Nance,3.1,1.5,1.6,1.3,0.7,0.6,0.4,0.2,0.2,4.3,2.4,1.9,4.0,2.2,1.8,3.6,1.7,1.9,0.3,0.1,0.2,0.0,0.1,-0.1,0.3,0.3,0.0
Peyton Watson,17.2,23.6,-6.4,5.1,6.5,-1.4,2.5,3.0,-0.5,24.8,33.1,-8.3,21.5,30.1,-8.6,20.0,26.6,-6.6,0.9,1.1,-0.2,1.1,1.0,0.1,2.4,2.8,-0.4
Precious Achiuwa,9.0,8.6,0.4,5.9,5.8,0.1,1.6,1.4,0.2,17.6,15.8,1.8,16.4,14.4,2.0,11.4,10.0,1.4,0.9,1.0,-0.1,0.6,1.1,-0.5,0.9,0.9,-0.0
Quentin Grimes,11.7,11.8,-0.1,3.7,4.0,-0.3,3.0,2.2,0.8,18.2,18.0,0.2,16.5,15.8,0.7,13.2,14.0,-0.8,0.9,1.2,-0.3,0.6,0.7,-0.1,1.0,1.3,-0.3
Quenton Jackson,7.2,6.3,0.9,1.9,1.2,0.7,1.5,1.4,0.1,12.2,8.9,3.3,10.3,7.5,2.8,9.6,7.7,1.9,0.8,0.5,0.3,0.2,0.2,-0.0,1.1,1.0,0.1
Quinten Post,8.1,8.1,0.0,3.4,1.9,1.5,1.4,1.0,0.4,10.9,11.0,-0.1,9.1,10.0,-0.9,8.9,9.1,-0.2,0.4,0.3,0.1,0.5,0.3,0.2,0.7,0.8,-0.1
RJ Barrett,16.9,20.3,-3.4,5.1,5.2,-0.1,3.3,2.9,0.4,25.5,28.4,-2.9,20.9,25.5,-4.6,19.9,23.2,-3.3,1.0,0.8,0.2,0.2,0.0,0.2,1.9,1.5,0.4
Rasheer Fleming,3.8,3.2,0.6,2.0,1.5,0.5,0.3,0.2,0.1,4.7,4.9,-0.2,4.6,4.7,-0.1,4.4,3.4,1.0,0.2,0.2,0.0,0.2,0.4,-0.2,0.4,0.1,0.3
RayJ Dennis,2.4,2.0,0.4,1.1,0.9,0.2,1.0,0.5,0.5,5.0,3.4,1.6,3.8,2.9,0.9,3.4,2.5,0.9,0.4,0.0,0.4,0.0,0.1,-0.1,0.6,0.7,-0.1
Rayan Rupert,5.9,4.3,1.6,2.2,2.1,0.1,1.1,1.4,-0.3,10.3,7.8,2.5,8.6,6.4,2.2,7.1,5.7,1.4,0.7,1.2,-0.5,0.3,0.0,0.3,0.5,0.5,0.0
Reed Sheppard,9.9,10.9,-1.0,2.2,1.4,0.8,2.9,2.4,0.5,15.6,14.7,0.9,12.7,12.3,0.4,13.2,13.3,-0.1,1.0,1.0,0.0,0.4,0.4,0.0,0.9,1.0,-0.1
Rob Dillingham,2.6,3.4,-0.8,1.3,1.4,-0.1,1.1,1.6,-0.5,3.8,6.4,-2.6,3.7,4.8,-1.1,3.6,5.0,-1.4,0.3,0.2,0.1,0.0,0.1,-0.1,0.9,1.1,-0.2
Robert Williams III,7.0,5.8,1.2,7.7,6.6,1.1,1.1,1.3,-0.2,14.7,13.7,1.0,12.8,12.4,0.4,7.3,7.1,0.2,0.5,0.6,-0.1,1.2,0.9,0.3,0.8,0.7,0.1
Ronald Holland II,9.9,8.8,1.1,5.5,6.5,-1.0,1.0,1.0,0.0,17.8,16.3,1.5,15.6,15.3,0.3,11.8,9.8,2.0,0.7,0.9,-0.2,0.5,0.7,-0.2,1.1,1.7,-0.6
Royce O'Neale,8.6,11.1,-2.5,4.6,5.4,-0.8,3.0,3.3,-0.3,17.2,19.8,-2.6,14.5,16.5,-2.0,13.6,14.4,-0.8,1.1,1.1,0.0,0.7,0.6,0.1,1.7,1.4,0.3
Rudy Gobert,10.0,9.5,0.5,10.2,12.2,-2.0,1.5,1.4,0.1,20.5,23.1,-2.6,20.9,21.7,-0.8,11.3,10.9,0.4,0.8,0.9,-0.1,1.5,2.1,-0.6,0.9,1.0,-0.1
Rui Hachimura,9.8,8.7,1.1,3.5,3.4,0.1,0.7,0.8,-0.1,13.9,12.9,1.0,12.9,12.1,0.8,10.3,9.5,0.8,0.7,0.7,-0.0,0.4,0.4,0.0,0.6,0.4,0.2
Russell Westbrook,14.9,16.6,-1.7,5.5,5.0,0.5,6.5,6.4,0.1,25.8,28.0,-2.2,21.2,21.6,-0.4,22.0,23.0,-1.0,1.3,0.9,0.4,0.4,0.3,0.1,3.5,3.5,0.0
Ryan Dunn,6.6,5.8,0.8,4.3,4.2,0.1,1.7,1.5,0.2,12.6,11.5,1.1,10.8,10.0,0.8,7.8,7.3,0.5,0.8,0.2,0.6,0.4,0.3,0.1,1.0,0.9,0.1
Ryan Kalkbrenner,7.3,7.4,-0.1,6.1,5.4,0.7,0.9,1.1,-0.2,15.1,13.9,1.2,15.5,12.8,2.7,8.1,8.5,-0.4,0.6,0.5,0.1,1.4,1.1,0.3,0.9,0.6,0.3
Ryan Nembhard,8.9,6.6,2.3,1.8,2.1,-0.3,4.7,5.2,-0.5,14.7,13.9,0.8,11.4,8.7,2.7,12.2,11.8,0.4,0.5,0.0,0.5,0.1,0.0,0.1,1.8,1.3,0.5
Ryan Rollins,13.7,13.5,0.2,5.2,6.0,-0.8,4.8,4.7,0.1,26.0,24.2,1.8,18.7,19.5,-0.8,19.1,18.2,0.9,1.6,1.1,0.5,0.5,0.6,-0.1,2.4,1.8,0.6
Saddiq Bey,17.2,16.5,0.7,5.8,4.6,1.2,2.3,2.2,0.1,20.5,23.3,-2.8,20.8,21.1,-0.3,19.6,18.7,0.9,0.7,0.6,0.1,0.2,0.0,0.2,0.8,0.4,0.4
Sam Hauser,9.2,11.3,-2.1,3.7,3.8,-0.1,1.5,1.0,0.5,14.1,16.1,-2.0,12.0,15.1,-3.1,10.7,12.3,-1.6,0.7,0.6,0.1,0.6,0.4,0.2,0.9,0.5,0.4
Sam Merrill,11.3,15.7,-4.4,2.6,2.8,-0.2,2.5,2.4,0.1,15.2,20.9,-5.7,14.8,18.5,-3.7,13.1,18.1,-5.0,0.6,1.0,-0.4,0.2,0.0,0.2,0.9,1.2,-0.3
Sandro Mamukelashvili,8.6,9.7,-1.1,4.7,4.8,-0.1,1.8,2.1,-0.3,14.7,16.6,-1.9,13.1,14.5,-1.4,10.0,11.8,-1.8,0.9,0.7,0.2,0.6,0.8,-0.2,1.0,0.4,0.6
Santi Aldama,12.9,13.3,-0.4,6.0,7.2,-1.2,3.1,3.1,0.0,23.0,23.6,-0.6,19.7,20.5,-0.8,16.0,16.4,-0.4,0.7,0.9,-0.2,0.8,1.0,-0.2,1.8,1.6,0.2
Scottie Barnes,18.8,20.7,-1.9,8.0,9.4,-1.4,6.3,6.6,-0.3,30.7,36.7,-6.0,27.5,30.1,-2.6,22.9,27.3,-4.4,1.2,1.5,-0.3,0.8,0.9,-0.1,2.5,2.4,0.1
Shaedon Sharpe,20.3,20.3,0.0,3.8,4.5,-0.7,3.2,3.4,-0.2,25.8,28.2,-2.4,21.9,24.8,-2.9,22.8,23.7,-0.9,1.3,1.4,-0.1,0.4,0.0,0.4,2.8,2.6,0.2
Shai Gilgeous-Alexander,28.5,31.3,-2.8,4.4,3.3,1.1,6.9,5.7,1.2,40.0,40.3,-0.3,36.4,34.6,1.8,32.6,37.0,-4.4,1.2,0.9,0.3,0.9,0.9,0.0,2.5,2.3,0.2
Sidy Cissoko,8.0,8.6,-0.6,3.1,2.3,0.8,1.6,1.4,0.2,13.6,12.3,1.3,11.2,10.9,0.3,10.1,10.0,0.1,0.9,0.9,-0.0,0.5,0.5,0.0,1.0,0.9,0.1
Simone Fontecchio,5.6,3.5,2.1,2.1,1.9,0.2,0.8,0.3,0.5,8.0,5.7,2.3,7.7,5.4,2.3,5.6,3.8,1.8,0.4,0.6,-0.2,0.3,0.0,0.3,0.5,0.5,0.0
Sion James,6.6,5.9,0.7,3.3,4.1,-0.8,2.2,3.1,-0.9,12.5,13.1,-0.6,11.4,10.0,1.4,9.1,9.0,0.1,0.6,0.5,0.1,0.5,0.3,0.2,0.8,0.6,0.2
Spencer Jones,7.3,7.4,-0.1,3.9,3.8,0.1,1.3,0.8,0.5,12.5,12.0,0.5,10.9,11.2,-0.3,7.8,8.2,-0.4,0.7,1.0,-0.3,0.8,0.5,0.3,0.7,0.5,0.2
Stephen Curry,27.2,27.3,-0.1,4.3,2.9,1.4,6.0,6.4,-0.4,41.0,36.6,4.4,32.7,30.2,2.5,34.3,33.7,0.6,1.1,0.9,0.2,0.5,0.5,0.0,3.3,2.4,0.9
Stephon Castle,18.6,13.7,4.9,5.0,5.0,0.0,7.1,6.9,0.2,28.9,25.6,3.3,20.9,18.7,2.2,24.4,20.6,3.8,1.0,1.3,-0.3,0.3,0.1,0.2,2.7,3.1,-0.4
Steven Adams,7.1,5.6,1.5,8.8,8.1,0.7,1.4,1.5,-0.1,15.2,15.2,-0.0,14.7,13.7,1.0,8.5,7.1,1.4,0.8,0.7,0.1,0.6,0.6,-0.0,1.1,1.2,-0.1
Svi Mykhailiuk,8.2,9.2,-1.0,2.5,2.7,-0.2,2.1,2.0,0.1,11.6,13.9,-2.3,10.2,11.9,-1.7,10.6,11.2,-0.6,0.6,0.5,0.1,0.3,0.0,0.3,0.8,0.5,0.3
T.J. McConnell,7.4,10.2,-2.8,2.3,1.6,0.7,4.8,5.5,-0.7,14.4,17.3,-2.9,9.3,11.8,-2.5,10.9,15.7,-4.8,1.2,1.4,-0.2,0.2,0.2,0.0,1.6,1.5,0.1
Taelon Peter,3.0,1.3,1.7,1.6,0.4,1.2,0.4,0.0,0.4,3.2,1.7,1.5,4.4,1.7,2.7,3.0,1.3,1.7,0.2,0.1,0.1,0.1,0.0,0.1,0.5,0.1,0.4
Tari Eason,13.9,12.2,1.7,6.6,7.0,-0.4,2.1,1.5,0.6,23.1,20.7,2.4,19.3,19.2,0.1,15.8,13.7,2.1,1.0,1.4,-0.4,0.6,0.7,-0.1,1.2,1.3,-0.1
Taylor Hendricks,5.4,4.1,1.3,2.6,2.8,-0.2,0.8,1.0,-0.2,8.8,7.9,0.9,7.7,6.9,0.8,6.7,5.1,1.6,0.6,0.4,0.2,0.2,0.3,-0.1,0.6,0.8,-0.2
Terance Mann,6.0,5.8,0.2,3.4,3.2,0.2,3.2,3.4,-0.2,12.8,12.4,0.4,9.6,9.0,0.6,9.5,9.2,0.3,0.9,0.9,-0.0,0.4,0.5,-0.1,0.9,1.0,-0.1
Terrence Shannon Jr.,3.0,4.1,-1.1,1.1,0.8,0.3,0.7,0.4,0.3,4.5,5.3,-0.8,4.0,4.9,-0.9,3.7,4.5,-0.8,0.2,0.3,-0.1,0.0,0.1,-0.1,0.3,0.6,-0.3
Thanasis Antetokounmpo,1.5,1.8,-0.3,1.8,0.6,1.2,0.4,0.0,0.4,3.7,2.4,1.3,3.1,2.4,0.7,2.1,1.8,0.3,0.3,0.5,-0.2,0.2,0.1,0.1,0.5,0.2,0.3
Thomas Bryant,3.1,7.0,-3.9,2.5,3.1,-0.6,0.5,0.8,-0.3,6.0,10.9,-4.9,5.8,10.1,-4.3,3.7,7.8,-4.1,0.3,0.2,0.1,0.3,0.5,-0.2,0.1,0.5,-0.4
Tidjane Salaün,6.4,5.0,1.4,3.6,4.8,-1.2,1.0,0.9,0.1,12.2,10.7,1.5,10.4,9.8,0.6,7.3,5.9,1.4,0.6,0.2,0.4,0.2,0.2,-0.0,0.8,1.1,-0.3
Tim Hardaway Jr.,14.9,17.5,-2.6,3.2,2.7,0.5,1.6,1.3,0.3,19.7,21.5,-1.8,18.3,20.2,-1.9,16.5,18.8,-2.3,0.7,0.5,0.2,0.2,0.1,0.1,1.0,0.6,0.4
Tobias Harris,11.8,11.9,-0.1,3.9,4.1,-0.2,2.1,2.5,-0.4,16.8,18.5,-1.7,16.3,16.0,0.3,13.9,14.4,-0.5,0.9,1.3,-0.4,0.3,0.2,0.1,1.3,0.7,0.6
Tony Bradley,5.9,2.2,3.7,5.0,3.3,1.7,0.9,0.5,0.4,10.2,6.0,4.2,9.8,5.5,4.3,5.9,2.7,3.2,0.3,0.1,0.2,0.5,0.3,0.2,0.7,0.5,0.2
Toumani Camara,10.7,13.1,-2.4,3.8,4.9,-1.1,2.0,2.3,-0.3,19.0,20.3,-1.3,16.3,18.0,-1.7,12.6,15.4,-2.8,1.0,0.7,0.3,0.4,0.6,-0.2,1.5,2.2,-0.7
Trae Young,22.4,20.4,2.0,3.2,1.7,1.5,7.0,8.8,-1.8,30.4,30.9,-0.4,24.1,22.1,2.0,27.0,29.2,-2.3,0.9,0.9,0.0,0.3,0.1,0.2,2.6,2.2,0.4
Trayce Jackson-Davis,2.9,4.7,-1.8,3.3,3.6,-0.3,0.2,0.5,-0.3,5.7,8.8,-3.1,5.3,8.3,-3.0,2.4,5.2,-2.8,0.5,0.3,0.2,0.5,0.5,0.0,0.4,0.3,0.1
Tre Johnson,12.5,12.8,-0.3,3.2,2.9,0.3,2.7,2.7,0.0,17.9,18.4,-0.5,15.8,15.7,0.1,15.0,15.5,-0.5,0.8,1.2,-0.4,0.3,0.1,0.2,1.2,1.7,-0.5
Tre Jones,11.3,12.8,-1.5,2.6,2.8,-0.2,6.0,7.0,-1.0,21.4,22.6,-1.2,14.2,15.6,-1.4,17.9,19.8,-1.9,0.7,0.8,-0.1,0.3,0.0,0.3,1.9,1.4,0.5
Tre Mann,6.0,5.1,0.9,1.8,1.7,0.1,2.0,1.5,0.5,10.9,8.3,2.6,7.7,6.8,0.9,8.3,6.6,1.7,0.5,0.3,0.2,0.1,0.1,0.0,0.9,0.3,0.6
Trendon Watford,4.8,5.2,-0.4,3.3,2.8,0.5,2.6,2.5,0.1,11.7,10.5,1.2,8.0,8.0,-0.0,8.0,7.7,0.3,0.6,0.3,0.3,0.2,0.2,-0.0,0.8,0.9,-0.1
Trey Murphy III,20.9,27.2,-6.3,5.2,6.4,-1.2,4.1,3.8,0.3,27.2,37.4,-10.2,25.0,33.6,-8.6,22.5,31.0,-8.5,0.9,1.0,-0.1,0.4,0.4,0.0,2.4,1.8,0.6
Tristan Vukcevic,5.7,7.3,-1.6,2.4,2.7,-0.3,1.0,0.7,0.3,9.1,10.7,-1.6,8.2,10.0,-1.8,8.0,8.0,0.0,0.5,0.1,0.4,0.8,1.1,-0.3,1.0,1.0,-0.0
Tristan da Silva,8.3,9.9,-1.6,2.4,2.8,-0.4,1.3,1.3,0.0,13.3,14.0,-0.7,10.6,12.7,-2.1,10.0,11.2,-1.2,0.8,1.0,-0.2,0.3,0.1,0.2,0.9,0.8,0.1
Tyler Herro,20.4,21.9,-1.5,5.1,5.0,0.1,2.9,2.7,0.2,29.4,29.6,-0.2,26.6,26.9,-0.3,23.2,24.6,-1.4,0.9,0.8,0.1,0.5,0.4,0.1,1.7,1.6,0.1
Tyler Kolek,5.9,4.4,1.5,2.4,2.6,-0.2,3.3,3.2,0.1,11.7,10.2,1.5,9.2,7.0,2.2,8.4,7.6,0.8,0.6,0.1,0.5,0.3,0.0,0.3,1.1,1.1,-0.0
Tyrese Martin,6.0,6.3,-0.3,2.3,2.5,-0.2,1.2,1.3,-0.1,10.2,10.1,0.1,8.1,8.8,-0.7,7.8,7.6,0.2,0.6,0.5,0.1,0.2,0.1,0.1,0.8,1.0,-0.2
Tyrese Maxey,30.4,29.6,0.8,4.6,4.2,0.4,6.1,5.7,0.4,41.8,39.5,2.3,34.9,33.8,1.1,34.3,35.3,-1.0,1.2,2.1,-0.9,1.0,1.1,-0.1,2.5,2.2,0.3
Tyrese Proctor,3.1,4.2,-1.1,0.9,1.4,-0.5,0.9,1.0,-0.1,5.4,6.6,-1.2,4.5,5.6,-1.1,3.8,5.2,-1.4,0.3,0.4,-0.1,0.1,0.0,0.1,0.2,0.6,-0.4
Tyus Jones,5.0,2.7,2.3,1.5,1.1,0.4,2.3,2.6,-0.3,9.4,6.4,3.0,6.8,3.8,3.0,8.6,5.3,3.3,0.7,0.9,-0.2,0.2,0.1,0.1,0.6,0.1,0.5
VJ Edgecombe,16.9,16.1,0.8,4.8,4.7,0.1,5.4,5.2,0.2,26.8,26.0,0.8,21.6,20.8,0.8,21.9,21.3,0.6,1.2,2.4,-1.2,0.8,0.7,0.1,1.5,1.9,-0.4
Victor Wembanyama,22.6,26.3,-3.7,9.6,9.2,0.4,3.0,1.9,1.1,34.5,37.4,-2.9,29.2,35.5,-6.3,25.4,28.2,-2.8,0.8,0.7,0.1,1.7,2.0,-0.3,2.1,1.9,0.2
Vince Williams Jr.,8.5,7.5,1.0,4.3,3.4,0.9,4.4,3.6,0.8,16.1,14.5,1.6,12.9,10.9,2.0,12.6,11.1,1.5,0.9,0.3,0.6,0.6,0.7,-0.1,2.2,1.5,0.7
Vít Krejčí,7.1,6.9,0.2,2.0,2.2,-0.2,1.2,1.7,-0.5,11.0,10.8,0.2,10.1,9.1,1.0,9.7,8.6,1.1,0.8,1.4,-0.6,0.3,0.5,-0.2,0.6,0.5,0.1
Walter Clayton Jr.,8.8,9.4,-0.6,2.0,2.1,-0.1,3.3,4.0,-0.7,13.3,15.5,-2.2,10.4,11.5,-1.1,11.4,13.4,-2.0,0.5,0.7,-0.2,0.3,0.3,-0.0,1.3,1.3,0.0
Wendell Carter Jr.,14.1,12.4,1.7,8.5,8.1,0.4,2.6,2.5,0.1,25.4,23.0,2.4,23.8,20.5,3.3,17.1,14.9,2.2,0.9,0.5,0.4,0.7,0.7,0.0,1.1,1.0,0.1
Will Richard,5.9,4.9,1.0,2.6,1.5,1.1,1.2,1.2,-0.0,10.3,7.6,2.7,7.9,6.4,1.5,7.5,6.1,1.4,1.1,0.7,0.4,0.2,0.1,0.1,0.8,1.0,-0.2
Will Riley,8.4,6.6,1.8,2.5,2.8,-0.3,1.5,1.6,-0.1,12.4,11.0,1.4,9.8,9.4,0.4,9.7,8.2,1.5,0.6,0.6,0.0,0.2,0.2,-0.0,0.9,1.4,-0.5
Xavier Tillman,2.3,2.7,-0.4,1.9,1.7,0.2,0.3,0.4,-0.1,4.4,4.8,-0.4,3.3,4.4,-1.1,2.3,3.1,-0.8,0.2,0.4,-0.2,0.1,0.1,0.0,0.2,0.4,-0.2
Yang Hansen,3.0,2.0,1.0,1.4,1.6,-0.2,0.8,0.6,0.2,5.5,4.2,1.3,4.8,3.6,1.2,4.0,2.6,1.4,0.3,0.0,0.3,0.2,0.2,-0.0,0.6,0.9,-0.3
Yanic Konan Niederhäuser,4.7,4.4,0.3,3.7,3.0,0.7,0.9,0.5,0.4,8.2,7.9,0.3,10.0,7.4,2.6,5.0,4.9,0.1,0.2,0.2,0.0,0.8,0.7,0.1,0.6,0.6,-0.0
Yves Missi,9.4,5.9,3.5,6.5,6.0,0.5,1.1,1.3,-0.2,15.3,13.2,2.1,15.2,11.9,3.3,9.4,7.2,2.2,0.7,0.5,0.2,1.6,1.7,-0.1,1.0,0.4,0.6
Zaccharie Risacher,11.6,10.4,1.2,4.1,4.3,-0.2,1.5,1.4,0.1,17.1,16.1,1.0,14.7,14.7,0.0,13.7,11.8,1.9,0.7,0.5,0.2,0.5,0.5,0.0,0.6,1.0,-0.4
Zach Collins,8.2,9.7,-1.5,5.0,5.1,-0.1,1.5,1.4,0.1,15.3,16.2,-0.9,13.7,14.8,-1.1,10.1,11.1,-1.0,0.4,0.2,0.2,0.4,0.4,0.0,1.0,1.1,-0.1
Zach Edey,13.7,13.8,-0.1,12.1,11.2,0.9,1.2,0.9,0.3,29.5,25.9,3.6,26.4,25.0,1.4,17.1,14.7,2.4,0.8,0.7,0.1,1.0,2.1,-1.1,3.4,2.0,1.4
Zach LaVine,17.0,20.1,-3.1,3.1,3.1,-0.0,2.0,2.1,-0.1,21.8,25.3,-3.5,20.7,23.2,-2.5,18.1,22.2,-4.1,0.9,0.5,0.4,0.2,0.4,-0.2,1.7,1.8,-0.1
Zeke Nnaji,7.2,8.8,-1.6,4.4,4.5,-0.1,1.2,1.1,0.1,12.1,14.4,-2.3,10.7,13.3,-2.6,8.0,9.9,-1.9,0.9,0.9,-0.0,0.7,0.9,-0.2,0.6,0.6,-0.0
Ziaire Williams,8.6,9.9,-1.3,2.4,1.6,0.8,1.0,0.6,0.4,12.9,12.1,0.8,11.6,11.5,0.1,9.6,10.5,-0.9,0.8,1.8,-1.0,0.5,0.7,-0.2,0.8,0.8,-0.0
Zion Williamson,22.0,23.2,-1.2,6.0,5.8,0.2,2.9,3.7,-0.8,30.3,32.7,-2.4,27.4,29.0,-1.6,23.4,26.9,-3.5,0.7,1.1,-0.4,0.6,0.6,-0.0,2.6,2.0,0.6
